SubmissionDate,WHOTA-DATE,WHOTA-codigo_paciente,WHOTA-coordenadas_IDS-Latitude,WHOTA-coordenadas_IDS-Longitude,WHOTA-coordenadas_IDS-Altitude,WHOTA-coordenadas_IDS-Accuracy,WHOTA-provincia_colheita,WHOTA-dist_colheita,WHOTA-LO_COLHEITA,WHOTA-ptdcol,WHOTA-tipmast,WHOTA-teccol,WHOTA-tembie,WHOTA-temag,WHOTA-humreab,WHOTA-ph,WHOTA-Turbidez,WHOTA-condelec,WHOTA-conamon,WHOTA-conortf,WHOTA-oxigenio,WHOTA-descfras,WHOTA-consdtr,WHOTA-nota12,WHOTA-SARS_COV_2,WHOTA-Influenza,WHOTA-Poliovirus,WHOTA-Colera,WHOTA-Febre_tifoide,WHOTA-Outros,WHOTA-Outros_other,WHOTA-TEC_RES_COLHEITA,WHOTA-Observacao,meta-instanceID,KEY
"Mar 18, 2025 10:54:39 AM","Mar 18, 2025 9:40:00 AM",IDSW100001,-25.9189897000,32.5389447000,26.8000000000,1.7400000000,Maputo_Cidade,kamubukwana,ETAR,Cam_Cistern_CC,Aguas_residuais,Torpidos,24.7,40,67,"","","","","","",Sim,Sim,"",Sim,Sim,"","","","","",Diocreciano Inocêncio,"",uuid:d47040fa-6ec5-4fd2-932a-41f82ac29084,uuid:d47040fa-6ec5-4fd2-932a-41f82ac29084
"Mar 18, 2025 10:54:39 AM","Mar 18, 2025 8:43:00 AM",IDSW100002,-25.9190583000,32.5388917000,-4.4000000000,3.9000000000,Maputo_Cidade,kamubukwana,ETAR,Cam_Cistern_CC,Aguas_residuais,Moore_swab,24.7,40,67,"","","","","","",Sim,Sim,"",Sim,Sim,"","","","","",Diocreciano Inocêncio,"",uuid:9f15f10c-4de0-46a6-a1bd-548e05b850ba,uuid:9f15f10c-4de0-46a6-a1bd-548e05b850ba
"Mar 18, 2025 10:54:39 AM","Mar 18, 2025 8:49:00 AM",IDSW100003,-25.9189365000,32.5388787000,2.1000000000,4.4500000000,Maputo_Cidade,kamubukwana,ETAR,Cam_Cistern_CC,Aguas_residuais,Grag_sample,24.7,40,67,"","","","","","",Sim,Sim,"",Sim,Sim,"","","","","",Diocreciano Inocêncio,"",uuid:07d0b960-f33e-4357-9fe4-9c0a0a13e1a6,uuid:07d0b960-f33e-4357-9fe4-9c0a0a13e1a6
"Mar 18, 2025 10:54:40 AM","Mar 18, 2025 10:00:00 AM",IDSW100004,-25.9184000000,32.5390850000,2.8000000000,5.0000000000,Maputo_Cidade,kamubukwana,ETAR,Entrada_ETAR,Aguas_residuais,Grag_sample,24.7,40,67,"","","","","","",Sim,Sim,"",Sim,Sim,"","","","","","","",uuid:20d3e33d-4e8b-41bb-ae5c-f6e141e787ea,uuid:20d3e33d-4e8b-41bb-ae5c-f6e141e787ea
"Mar 18, 2025 10:54:40 AM","Mar 18, 2025 10:00:00 AM",IDSW100005,-25.9186717000,32.5388367000,3.5000000000,4.9000000000,Maputo_Cidade,kamubukwana,ETAR,Entrada_ETAR,Aguas_residuais,Moore_swab,24.7,40,67,"","","","","","",Sim,Sim,"",Sim,Sim,"","","","","",Diocreciano Inocêncio,"",uuid:1b141ce2-66b5-4c5d-a383-57aba6722cfe,uuid:1b141ce2-66b5-4c5d-a383-57aba6722cfe
"Mar 18, 2025 10:54:40 AM","Mar 18, 2025 11:13:00 AM",IDSW100006,-25.9184958000,32.5392230000,3.5000000000,3.7500000000,Maputo_Cidade,kamubukwana,ETAR,Entrada_ETAR,Aguas_residuais,Torpidos,24.7,40,67,"","","","","","",Sim,Sim,"",Sim,Sim,"","","","","",Diocreciano Inocêncio,"",uuid:7d5a37e5-c8c1-43bd-baee-bdfc0dbaf05a,uuid:7d5a37e5-c8c1-43bd-baee-bdfc0dbaf05a
"Mar 18, 2025 10:54:40 AM","Mar 18, 2025 10:20:00 AM",IDSW100007,-25.9177070000,32.5382868000,25.7000007629,3.1000000000,Maputo_Cidade,kamubukwana,ETAR,Vala_esgoto_VE,Aguas_residuais,Torpidos,24.7,40,67,"","","","","","",Sim,Sim,"",Sim,Sim,"","","","","",Diocreciano Inocêncio,"",uuid:0770a8a6-8c2c-4b8e-8474-228a91bc1532,uuid:0770a8a6-8c2c-4b8e-8474-228a91bc1532
"Mar 18, 2025 10:54:41 AM","Mar 18, 2025 10:22:00 AM",IDSW100007,-25.9177073000,32.5383303000,25.7000007629,3.6420000000,Maputo_Cidade,kamubukwana,ETAR,Vala_esgoto_VE,Aguas_residuais,Moore_swab,24.7,40,67,"","","","","","",Sim,Sim,"",Sim,Sim,"","","","","",Diocreciano Inocêncio,"",uuid:6db16d74-7f65-4a03-b32d-1806b281ec53,uuid:6db16d74-7f65-4a03-b32d-1806b281ec53
"Mar 18, 2025 10:54:41 AM","Mar 18, 2025 10:24:00 AM",IDSW100009,-25.9177331000,32.5383052000,25.7000007629,2.5000000000,Maputo_Cidade,kamubukwana,ETAR,Vala_esgoto_VE,Aguas_residuais,Grag_sample,24.7,40,67,"","","","","","",Sim,Sim,"",Sim,Sim,"","","","","",Diocreciano Inocêncio,"",uuid:5f4da18f-bd57-4696-a3d4-cd4865352131,uuid:5f4da18f-bd57-4696-a3d4-cd4865352131
"Mar 27, 2025 6:45:11 AM","Mar 25, 2025 8:11:00 AM",IDSW100010,-25.9189918000,32.5389136000,26.4000000000,4.2000000000,Maputo_Cidade,kamubukwana,ETAR,Cam_Cistern_CC,Aguas_residuais,Torpidos,20.1,40,17,"","","","","","",Sim,Sim,"",Sim,Sim,"","","","","",Diocreciano Inocêncio,"",uuid:8d0b0cc3-98e8-473a-9631-282ebd615e77,uuid:8d0b0cc3-98e8-473a-9631-282ebd615e77
"Mar 27, 2025 6:45:12 AM","Mar 25, 2025 8:17:00 AM",IDSW100011,-25.9189974000,32.5388759000,13.6000000000,4.9000000000,Maputo_Cidade,kamubukwana,ETAR,Cam_Cistern_CC,Aguas_residuais,Moore_swab,20.1,40,17,"","","","","","",Sim,Sim,"",Sim,Sim,"","",Sim,"","",Diocreciano Inocêncio,"",uuid:6c7161f0-f2ce-46b8-978f-ee20471036da,uuid:6c7161f0-f2ce-46b8-978f-ee20471036da
"Mar 27, 2025 6:45:12 AM","Mar 25, 2025 8:22:00 AM",IDSW100012,-25.9189833000,32.5389117000,26.9000000000,4.4000000000,Maputo_Cidade,kamubukwana,ETAR,Cam_Cistern_CC,Aguas_residuais,Grag_sample,20.1,40,17,"","","","","","",Sim,Sim,"",Sim,Sim,"","",Sim,"","",Diocreciano Inocêncio,"",uuid:a5c6ccdb-4765-4c41-b1c2-c56e38d2a163,uuid:a5c6ccdb-4765-4c41-b1c2-c56e38d2a163
"Mar 27, 2025 6:45:12 AM","Mar 25, 2025 8:26:00 AM",IDSW100013,-25.9184551000,32.5392905000,29.5000000000,4.5000000000,Maputo_Cidade,kamubukwana,ETAR,Entrada_ETAR,Aguas_residuais,Torpidos,20.1,40,17,"","","","","","",Sim,Sim,"",Sim,Sim,"",Sim,Sim,"","",Diocreciano/Inocêncio,"",uuid:9311414d-4fe7-4934-8c9a-41b47d5f4185,uuid:9311414d-4fe7-4934-8c9a-41b47d5f4185
"Mar 27, 2025 6:45:13 AM","Mar 25, 2025 8:31:00 AM",IASW100014,-25.9184575000,32.5391355000,29.2000000000,4.2000000000,Maputo_Cidade,kamubukwana,ETAR,Entrada_ETAR,Aguas_residuais,Moore_swab,20.1,40,17,"","","","","","",Sim,Sim,"",Sim,Sim,"",Sim,Sim,"","",Diocreciano Inocêncio,"",uuid:4868c1f2-4e77-4db5-8a39-aa508a0984d5,uuid:4868c1f2-4e77-4db5-8a39-aa508a0984d5
"Mar 27, 2025 6:45:13 AM","Mar 25, 2025 8:35:00 AM",IDSW100015,-25.9183639000,32.5391879000,28.4000000000,3.5500000000,Maputo_Cidade,kamubukwana,ETAR,Entrada_ETAR,Aguas_residuais,Grag_sample,20.1,40,17,"","","","","","",Sim,Sim,"",Sim,Sim,"",Sim,Sim,"","",DIOCRECIANO INOCÊNCIO,"",uuid:ff42a7d4-8212-484a-8776-d6c64b1fe893,uuid:ff42a7d4-8212-484a-8776-d6c64b1fe893
"Mar 27, 2025 6:45:13 AM","Mar 25, 2025 8:41:00 AM",IDSW100016,-25.9177106000,32.5383676000,25.7000007629,4.9160000000,Maputo_Cidade,kamubukwana,ETAR,Vala_esgoto_VE,Aguas_residuais,Torpidos,20.1,40,17,"","","","","","",Sim,Sim,"",Sim,Sim,"",Nao,"","","",DIOCRECIANO INOCÊNCIO,"",uuid:403c9b02-0546-4cd2-9faa-a4f99ee66ff7,uuid:403c9b02-0546-4cd2-9faa-a4f99ee66ff7
"Mar 27, 2025 6:45:13 AM","Mar 25, 2025 8:43:00 AM",IDSW100017,-25.9177628000,32.5382950000,25.7000007629,2.9830000000,Maputo_Cidade,kamubukwana,ETAR,Vala_esgoto_VE,Aguas_residuais,Moore_swab,20.1,40,17,"","","","","","",Sim,Sim,"",Sim,Sim,"",Sim,Sim,"","",Diocreciano Inocêncio,"",uuid:4be07008-e085-4f4e-8003-bf5308c3c2c6,uuid:4be07008-e085-4f4e-8003-bf5308c3c2c6
"Mar 27, 2025 6:45:14 AM","Mar 25, 2025 8:45:00 AM",IDSW100018,-25.9177429000,32.5382996000,25.6000003815,2.7600000000,Maputo_Cidade,kamubukwana,ETAR,Vala_esgoto_VE,Aguas_residuais,Grag_sample,20.1,40,17,"","","","","","",Sim,Sim,"",Sim,Sim,"",Sim,Sim,"","",Diocreciano Inocêncio,"",uuid:d5c5a49a-6fc4-4925-b333-6d2caa15990c,uuid:d5c5a49a-6fc4-4925-b333-6d2caa15990c
"Apr 1, 2025 12:42:48 PM","Apr 1, 2025 8:28:00 AM",IDSW100019,-25.9190344000,32.5389174000,20.5000000000,4.0500000000,Maputo_Cidade,kamubukwana,ETAR,Cam_Cistern_CC,Aguas_residuais,Torpidos,20.1,17,40,"","","","","","",Sim,Sim,"",Sim,Sim,"","","","","",INOCÊNCIO,"",uuid:c08deb6f-e99f-4434-b61b-1bcb0bd6896e,uuid:c08deb6f-e99f-4434-b61b-1bcb0bd6896e
"Apr 1, 2025 12:42:48 PM","Apr 1, 2025 8:36:00 AM",IDSW100020,-25.9189966000,32.5389543000,37.3000000000,4.4330000000,Maputo_Cidade,kamubukwana,ETAR,Cam_Cistern_CC,Aguas_residuais,Moore_swab,20.1,40,17,"","","","","","",Sim,Sim,"",Sim,Sim,"",Sim,Sim,"","",Inocêncio,"",uuid:c086fdcb-faed-406b-8b3a-e5c25da8d190,uuid:c086fdcb-faed-406b-8b3a-e5c25da8d190
"Apr 1, 2025 12:42:49 PM","Apr 1, 2025 8:46:00 AM",IDSW100021,-25.9188686000,32.5389353000,23.1000000000,4.1330000000,Maputo_Cidade,kamubukwana,ETAR,Cam_Cistern_CC,Aguas_residuais,Grag_sample,20.1,40,17,"","","","","","",Sim,Sim,"",Sim,Sim,"",Sim,Sim,"","",INOCÊNCIO,"",uuid:985c301f-9e53-4bfa-8c91-c8cdc2ba5bb9,uuid:985c301f-9e53-4bfa-8c91-c8cdc2ba5bb9
"Apr 1, 2025 12:42:49 PM","Apr 1, 2025 8:48:00 AM",IDSW100022,-25.9183456000,32.5392557000,25.0000000000,4.9500000000,Maputo_Cidade,kamubukwana,ETAR,Entrada_ETAR,Aguas_residuais,Moore_swab,20.1,40,17,"","","","","","",Sim,Sim,"",Sim,Sim,"",Sim,Sim,"","",INOCÊNCIO,"",uuid:bde3ee18-2e25-4dfe-bc3b-5353dc0d3f65,uuid:bde3ee18-2e25-4dfe-bc3b-5353dc0d3f65
"Apr 1, 2025 12:42:49 PM","Apr 1, 2025 8:52:00 AM",IDSW100023,-25.9184386000,32.5392567000,25.4000000000,4.9600000000,Maputo_Cidade,kamubukwana,ETAR,Entrada_ETAR,Aguas_residuais,Torpidos,20.1,40,17,"","","","","","",Sim,Sim,"",Sim,Sim,"","","","","",INOCÊNCIO,"",uuid:05ba749f-cd5f-4c59-bb57-0e30b8797251,uuid:05ba749f-cd5f-4c59-bb57-0e30b8797251
"Apr 1, 2025 12:42:50 PM","Apr 1, 2025 8:56:00 AM",IDSW100024,-25.9183450000,32.5393948000,28.9000000000,7.3000000000,Maputo_Cidade,kamubukwana,ETAR,Entrada_ETAR,Aguas_residuais,Grag_sample,20.1,40,17,"","","","","","",Sim,Sim,"",Sim,Sim,"",Sim,Sim,"","",INOCÊNCIO,"",uuid:a34021c6-a477-45cd-914b-3fbbbebcdc93,uuid:a34021c6-a477-45cd-914b-3fbbbebcdc93
"Apr 1, 2025 12:42:50 PM","Apr 1, 2025 9:00:00 AM",IDSW100025,-25.9177907000,32.5383454000,39.6000000000,4.8830000000,Maputo_Cidade,kamubukwana,ETAR,Vala_esgoto_VE,Aguas_residuais,Moore_swab,20.1,40,17,"","","","","","",Sim,Sim,"",Sim,Sim,"",Sim,Sim,"","",INOCÊNCIO,"",uuid:95f2f155-93e8-4370-86c9-9c379e556c28,uuid:95f2f155-93e8-4370-86c9-9c379e556c28
"Apr 1, 2025 12:42:50 PM","Apr 1, 2025 9:08:00 AM",IDSW100026,-25.9177509000,32.5383532000,32.9000000000,4.7400000000,Maputo_Cidade,kamubukwana,ETAR,Vala_esgoto_VE,Aguas_residuais,Torpidos,20.1,40,17,"","","","","","",Sim,Sim,"",Sim,Sim,"","","","","",INOCÊNCIO,"",uuid:bd6f3cfa-d806-451a-9475-36d1b915044a,uuid:bd6f3cfa-d806-451a-9475-36d1b915044a
"Apr 1, 2025 12:42:51 PM","Apr 1, 2025 9:10:00 AM",IDSW100027,-25.9177540000,32.5383433000,31.8000000000,4.8800000000,Maputo_Cidade,kamubukwana,ETAR,Vala_esgoto_VE,Aguas_residuais,Grag_sample,20.1,40,17,"","","","","","",Sim,Sim,"",Sim,Sim,"",Sim,Sim,"","",INOCÊNCIO,"",uuid:80065cac-7821-4bb7-8b18-8060e579b291,uuid:80065cac-7821-4bb7-8b18-8060e579b291
"Apr 9, 2025 11:02:09 AM","Apr 9, 2025 8:50:00 AM",IDSW100028,-25.9189917000,32.5389317000,72.6999969482,4.1000000000,Maputo_Cidade,kamubukwana,ETAR,Cam_Cistern_CC,Aguas_residuais,Torpidos,34,40,77,"","","","","","",Sim,Sim,"",Sim,Sim,"","","","","",INOCÊNCIO,"",uuid:0d196832-252f-4c41-a0f1-cc48e2dd4bb1,uuid:0d196832-252f-4c41-a0f1-cc48e2dd4bb1
"Apr 9, 2025 11:02:09 AM","Apr 9, 2025 8:52:00 AM",IDSW100029,-25.9190254000,32.5389076000,34.9000000000,4.9400000000,Maputo_Cidade,kamubukwana,ETAR,Cam_Cistern_CC,Aguas_residuais,Moore_swab,34,40,77,"","","","","","",Sim,Sim,"",Sim,Sim,"",Sim,Sim,"","",INOCÊNCIO,"",uuid:4a70ec88-8b54-4e75-804b-c47529b9b0df,uuid:4a70ec88-8b54-4e75-804b-c47529b9b0df
"Apr 9, 2025 11:02:10 AM","Apr 9, 2025 8:54:00 AM",IDSW100030,-25.9190217000,32.5388503000,96.9000000000,3.0000000000,Maputo_Cidade,kamubukwana,ETAR,Cam_Cistern_CC,Aguas_residuais,Grag_sample,34,40,77,"","","","","","",Sim,Sim,"",Sim,Sim,"",Sim,Sim,"","",INOCÊNCIO,"",uuid:1686fafb-2526-4e55-8479-38919ed31a6a,uuid:1686fafb-2526-4e55-8479-38919ed31a6a
"Apr 9, 2025 11:02:10 AM","Apr 9, 2025 9:03:00 AM",IDSW100031,-25.9181243000,32.5388671000,164.4000000000,4.7330000000,Maputo_Cidade,kamubukwana,ETAR,Entrada_ETAR,Aguas_residuais,Torpidos,34,40,77,"","","","","","",Sim,Sim,"",Sim,Sim,"","","","","",INOCÊNCIO,"",uuid:7532c300-112a-42c5-ab35-7a155e3aee44,uuid:7532c300-112a-42c5-ab35-7a155e3aee44
"Apr 9, 2025 11:02:11 AM","Apr 9, 2025 9:05:00 AM",IDSW100032,-25.9181876000,32.5388922000,162.8000000000,4.9660000000,Maputo_Cidade,kamubukwana,ETAR,Entrada_ETAR,Aguas_residuais,Moore_swab,34,40,77,"","","","","","",Sim,Sim,"",Sim,Sim,"",Sim,Sim,"","",INOCÊNCIO,"",uuid:b406f4a8-3354-417b-90e9-78007edfac64,uuid:b406f4a8-3354-417b-90e9-78007edfac64
"Apr 9, 2025 11:02:11 AM","Apr 9, 2025 9:13:00 AM",IDSW100033,-25.9183891000,32.5390815000,115.3000000000,4.9330000000,Maputo_Cidade,kamubukwana,ETAR,Entrada_ETAR,Aguas_residuais,Grag_sample,34,40,77,"","","","","","",Sim,Sim,"",Sim,Sim,"",Sim,Sim,"","",INOCÊNCIO,"",uuid:684fe6de-baee-47fa-ab20-ece8a6d6d012,uuid:684fe6de-baee-47fa-ab20-ece8a6d6d012
"Apr 9, 2025 11:02:12 AM","Apr 9, 2025 9:24:00 AM",IDSW100034,-25.9177700000,32.5382833000,25.8000011444,4.5000000000,Maputo_Cidade,kamubukwana,ETAR,Vala_esgoto_VE,Aguas_residuais,Grag_sample,34,40,77,"","","","","","",Sim,Sim,"",Sim,Sim,"",Sim,Sim,"","",INOCÊNCIO,"",uuid:d669bdd8-b479-4d9c-88b7-4805df7fab7a,uuid:d669bdd8-b479-4d9c-88b7-4805df7fab7a
"Apr 15, 2025 2:10:28 PM","Apr 15, 2025 10:05:00 AM",IDSW100035,-25.9189537000,32.5389179000,24.7000000000,4.8660000000,Maputo_Cidade,kamubukwana,ETAR,Cam_Cistern_CC,Aguas_residuais,Torpidos,27.1,40,77,"","","","","","",Sim,Sim,"",Sim,Sim,"","","","","",INOCÊNCIO,"",uuid:b3d4a56d-2505-424e-bb2d-9d1349a15ea9,uuid:b3d4a56d-2505-424e-bb2d-9d1349a15ea9
"Apr 15, 2025 2:10:29 PM","Apr 15, 2025 10:09:00 AM",IDSW100036,-25.9190657000,32.5388854000,31.3000000000,4.9660000000,Maputo_Cidade,kamubukwana,ETAR,Cam_Cistern_CC,Aguas_residuais,Moore_swab,27.1,40,77,"","","","","","",Sim,Sim,"",Sim,Sim,"",Sim,Sim,"","",INOCÊNCIO,"",uuid:78f8919f-fcd4-42b6-99bf-20a71a957545,uuid:78f8919f-fcd4-42b6-99bf-20a71a957545
"Apr 15, 2025 2:10:29 PM","Apr 15, 2025 10:35:00 AM",IDSW100037,-25.9190137000,32.5388681000,29.6000000000,4.5000000000,Maputo_Cidade,kamubukwana,ETAR,Cam_Cistern_CC,Aguas_residuais,Grag_sample,27.1,40,77,"","","","","","",Sim,Sim,"",Sim,Sim,Nao,Sim,Sim,"","",Diocreciano Inocêncio,"",uuid:552a3896-6aa0-44f0-972e-fbf1a29ae558,uuid:552a3896-6aa0-44f0-972e-fbf1a29ae558
"Apr 15, 2025 2:10:30 PM","Apr 15, 2025 10:40:00 AM",IDSW100038,-25.9184918000,32.5391298000,28.9000000000,4.7830000000,Maputo_Cidade,kamubukwana,ETAR,Entrada_ETAR,Aguas_residuais,Torpidos,27.1,40,77,"","","","","","",Sim,Sim,"",Sim,Sim,Nao,Nao,Nao,"","",Diocreciano Inocêncio,"",uuid:73e5f4c8-882f-4007-8848-cfab3142a9e1,uuid:73e5f4c8-882f-4007-8848-cfab3142a9e1
"Apr 15, 2025 2:10:30 PM","Apr 15, 2025 10:44:00 AM",IDSW100039,-25.9184089000,32.5392307000,28.8000000000,4.8650000000,Maputo_Cidade,kamubukwana,ETAR,Entrada_ETAR,Aguas_residuais,Moore_swab,27.1,40,77,"","","","","","",Sim,Sim,"",Sim,Sim,Nao,Sim,Sim,"","",Diocreciano Inocêncio,"",uuid:82160380-8571-41ce-83f1-02363ad06960,uuid:82160380-8571-41ce-83f1-02363ad06960
"Apr 15, 2025 2:10:30 PM","Apr 15, 2025 10:48:00 AM",IDSW100040,-25.9183724000,32.5391634000,28.3000000000,4.8500000000,Maputo_Cidade,kamubukwana,ETAR,Entrada_ETAR,Aguas_residuais,Grag_sample,27.1,40,77,"","","","","","",Sim,Sim,"",Sim,Sim,Nao,Sim,Sim,"","",Diocreciano Inocêncio,"",uuid:6c2fe8cb-4f66-4fec-b522-757d16d14e57,uuid:6c2fe8cb-4f66-4fec-b522-757d16d14e57
"Apr 15, 2025 2:10:31 PM","Apr 15, 2025 10:53:00 AM",IDSW100041,-25.9177275000,32.5383486000,10.0000000000,4.8330000000,Maputo_Cidade,kamubukwana,ETAR,Vala_esgoto_VE,Aguas_residuais,Torpidos,27.1,40,77,"","","","","","",Sim,Sim,"",Sim,Sim,Nao,Nao,Nao,"","",Diocreciano Inocêncio,"",uuid:1f8a5111-4ddb-4488-89eb-b8ba81edeb10,uuid:1f8a5111-4ddb-4488-89eb-b8ba81edeb10
"Apr 15, 2025 2:10:31 PM","Apr 15, 2025 10:56:00 AM",IDSW100042,-25.9177640000,32.5384224000,9.5000000000,4.5400000000,Maputo_Cidade,kamubukwana,ETAR,Vala_esgoto_VE,Aguas_residuais,Moore_swab,27.1,40,77,"","","","","","",Sim,Sim,"",Sim,Sim,Nao,Sim,Sim,"","",Diocreciano Inocêncio,"",uuid:1a2c0515-6a82-4faa-abbf-14c0a19c6bae,uuid:1a2c0515-6a82-4faa-abbf-14c0a19c6bae
"Apr 15, 2025 2:10:32 PM","Apr 15, 2025 10:58:00 AM",IDSW100043,-25.9177527000,32.5383331000,9.3000000000,4.7500000000,Maputo_Cidade,kamubukwana,ETAR,Vala_esgoto_VE,Aguas_residuais,Grag_sample,27.1,40,77,"","","","","","",Sim,Sim,"",Sim,Sim,Nao,Sim,Sim,"","",Diocreciano Inocêncio,"",uuid:7f75b43c-a235-4d87-a833-e56785331398,uuid:7f75b43c-a235-4d87-a833-e56785331398
"Apr 22, 2025 2:11:29 PM","Apr 22, 2025 10:51:00 AM",IDSW100044,-25.9189141000,32.5390088000,27.4000000000,4.3500000000,Maputo_Cidade,kamubukwana,ETAR,Cam_Cistern_CC,Aguas_residuais,Torpidos,33.5,40,77,"","","","","","",Sim,Sim,"",Sim,Sim,Nao,Nao,Nao,"","",INOCÊNCIO,"",uuid:98d1dd7a-9353-4359-bf34-d4efa909498d,uuid:98d1dd7a-9353-4359-bf34-d4efa909498d
"Apr 22, 2025 2:11:29 PM","Apr 22, 2025 10:55:00 AM",IDSW100045,-25.9189330000,32.5390780000,27.5000000000,4.4600000000,Maputo_Cidade,kamubukwana,ETAR,Cam_Cistern_CC,Aguas_residuais,Moore_swab,33.5,40,77,"","","","","","",Sim,Sim,"",Sim,Sim,Nao,Sim,Sim,Nao,"",INOCÊNCIO,"",uuid:0fa8f943-8d6e-4abf-9597-7304b7ef3d10,uuid:0fa8f943-8d6e-4abf-9597-7304b7ef3d10
"Apr 22, 2025 2:11:30 PM","Apr 22, 2025 10:57:00 AM",IDSW100046,-25.9189402000,32.5389972000,27.5000000000,4.7000000000,Maputo_Cidade,kamubukwana,ETAR,Cam_Cistern_CC,Aguas_residuais,Grag_sample,33.5,40,77,"","","","","","",Sim,Sim,"",Sim,Sim,Nao,"","","","","","",uuid:5aed7f77-5a0d-47a8-b612-d2c010e70beb,uuid:5aed7f77-5a0d-47a8-b612-d2c010e70beb
"Apr 22, 2025 2:11:30 PM","Apr 22, 2025 11:03:00 AM",IDSW100047,-25.9183156000,32.5391388000,58.2000000000,4.7000000000,Maputo_Cidade,kamubukwana,ETAR,Entrada_ETAR,Aguas_residuais,Torpidos,33.5,40,77,"","","","","","",Sim,Sim,"",Sim,Sim,Nao,Nao,Nao,Nao,"",INOCÊNCIO,"",uuid:cd8fba8f-90fc-4965-a694-8939c9b73db4,uuid:cd8fba8f-90fc-4965-a694-8939c9b73db4
"Apr 22, 2025 2:11:30 PM","Apr 22, 2025 11:05:00 AM",IDSW100048,-25.9180811000,32.5393655000,59.1000000000,4.9800000000,Maputo_Cidade,kamubukwana,ETAR,Entrada_ETAR,Aguas_residuais,Moore_swab,33.5,40,77,"","","","","","",Sim,Sim,"",Sim,Sim,Nao,Sim,Sim,Nao,"",INOCÊNCIO,"",uuid:515aacc7-74f3-4402-a959-943bdd7443a8,uuid:515aacc7-74f3-4402-a959-943bdd7443a8
"Apr 22, 2025 2:11:31 PM","Apr 22, 2025 11:07:00 AM",IDSW100049,-25.9180933000,32.5393139000,59.1000000000,4.7200000000,Maputo_Cidade,kamubukwana,ETAR,Entrada_ETAR,Aguas_residuais,Grag_sample,33.5,40,77,"","","","","","",Sim,Sim,"",Sim,Sim,Nao,Sim,Sim,Nao,"",INOCÊNCIO,"",uuid:2eb1244e-aa5c-4617-88c5-2bfaf7202e1c,uuid:2eb1244e-aa5c-4617-88c5-2bfaf7202e1c
"Apr 22, 2025 2:11:31 PM","Apr 22, 2025 11:12:00 AM",IDSW100050,-25.9174455000,32.5384360000,25.7000007629,4.8500000000,Maputo_Cidade,kamubukwana,ETAR,Vala_esgoto_VE,Aguas_residuais,Moore_swab,33.5,40,77,"","","","","","",Sim,Sim,"",Sim,Sim,Nao,Sim,Sim,Nao,"",INOCÊNCIO,"",uuid:dd859ac4-56a4-4321-9b91-00a7cc59b7b7,uuid:dd859ac4-56a4-4321-9b91-00a7cc59b7b7
"Apr 22, 2025 2:11:32 PM","Apr 22, 2025 11:14:00 AM",IDSW100051,-25.9174786000,32.5384315000,25.8000011444,4.8830000000,Maputo_Cidade,kamubukwana,ETAR,Vala_esgoto_VE,Aguas_residuais,Grag_sample,33.5,40,77,"","","","","","",Sim,Sim,"",Sim,Sim,Nao,Sim,Sim,Nao,"",INOCÊNCIO,"",uuid:f168ff60-6bdc-41b0-90bc-7f272b467c1e,uuid:f168ff60-6bdc-41b0-90bc-7f272b467c1e
"Apr 30, 2025 7:54:03 AM","Apr 29, 2025 11:47:00 AM",IDSW100052,-25.9177364000,32.5383756000,10.2000000000,4.9830000000,Maputo_Cidade,kamubukwana,ETAR,Vala_esgoto_VE,Aguas_residuais,Torpidos,18.9,40,17,"","","","","","",Sim,Sim,"",Sim,Sim,Nao,Nao,Nao,Nao,"",INOCÊNCIO,"",uuid:8ede8826-a5fb-4d3f-8a6e-2621c82f7d3e,uuid:8ede8826-a5fb-4d3f-8a6e-2621c82f7d3e
"Apr 30, 2025 7:54:03 AM","Apr 29, 2025 11:48:00 AM",IDSW100053,-25.9177826000,32.5383336000,11.1000000000,4.9660000000,Maputo_Cidade,kamubukwana,ETAR,Vala_esgoto_VE,Aguas_residuais,Moore_swab,18.9,40,17,"","","","","","",Sim,Sim,"",Sim,Sim,"",Sim,Sim,"","",INOCÊNCIO,"",uuid:a33f46bd-da2c-4459-8d86-ad782f483563,uuid:a33f46bd-da2c-4459-8d86-ad782f483563
"Apr 30, 2025 7:54:03 AM","Apr 29, 2025 11:55:00 AM",IDSW100055,-25.9183466000,32.5392473000,11.1000000000,4.9000000000,Maputo_Cidade,kamubukwana,ETAR,Entrada_ETAR,Aguas_residuais,Torpidos,18.9,40,17,"","","","","","",Sim,Sim,"",Sim,Sim,"","","","","",INOCÊNCIO,"",uuid:75d5f768-e84f-4562-b707-6d8f476a7c1c,uuid:75d5f768-e84f-4562-b707-6d8f476a7c1c
"Apr 30, 2025 7:54:04 AM","Apr 29, 2025 11:59:00 AM",IDSW100056,-25.9184492000,32.5392909000,11.1000000000,4.8000000000,Maputo_Cidade,kamubukwana,ETAR,Entrada_ETAR,Aguas_residuais,Moore_swab,18.9,40,17,"","","","","","",Sim,Sim,"",Sim,Sim,"",Sim,Sim,"","",INOCÊNCIO,"",uuid:6f1b5381-9bdf-4be7-8967-e8c6700057dc,uuid:6f1b5381-9bdf-4be7-8967-e8c6700057dc
"Apr 30, 2025 7:54:04 AM","Apr 29, 2025 12:01:00 PM",IDSW100057,-25.9183249000,32.5392684000,11.1000000000,4.2160000000,Maputo_Cidade,kamubukwana,ETAR,Entrada_ETAR,Aguas_residuais,Grag_sample,18.9,40,17,"","","","","","",Sim,Sim,"",Sim,Sim,"",Sim,Sim,"","",INOCÊNCIO,"",uuid:bbc25bb9-6ecc-45aa-bf03-f48d91ba1cd5,uuid:bbc25bb9-6ecc-45aa-bf03-f48d91ba1cd5
"Apr 30, 2025 7:54:05 AM","Apr 29, 2025 12:04:00 PM",IDSW100058,-25.9189429000,32.5390805000,11.1000000000,4.6660000000,Maputo_Cidade,kamubukwana,ETAR,Cam_Cistern_CC,Aguas_residuais,Torpidos,18.9,40,17,"","","","","","",Sim,Sim,"",Sim,Sim,"","","","","",INOCÊNCIO e Diocreciano,"",uuid:98e90c9e-d8a5-49e4-a139-93cd04b67ef3,uuid:98e90c9e-d8a5-49e4-a139-93cd04b67ef3
"Apr 30, 2025 7:54:05 AM","Apr 29, 2025 12:07:00 PM",IDSW100059,-25.9189634000,32.5390068000,11.2000000000,4.5200000000,Maputo_Cidade,kamubukwana,ETAR,Cam_Cistern_CC,Aguas_residuais,Moore_swab,18.9,40,17,"","","","","","",Sim,Sim,"",Sim,Sim,Nao,Sim,Sim,"","",INOCÊNCIO e DIOCRECIANO,"",uuid:f1eac912-93b2-4d82-a0e0-a668ace88fef,uuid:f1eac912-93b2-4d82-a0e0-a668ace88fef
"Apr 30, 2025 7:54:06 AM","Apr 29, 2025 12:10:00 PM",IDSW100060,-25.9189357000,32.5391135000,11.1000000000,4.6400000000,Maputo_Cidade,kamubukwana,ETAR,Cam_Cistern_CC,Aguas_residuais,Grag_sample,18.9,40,17,"","","","","","",Sim,Sim,"",Sim,Sim,Nao,Sim,Sim,"","",Inovação e Diocreciano,"",uuid:95a87aa8-6515-47bf-8878-9e0dfda7df63,uuid:95a87aa8-6515-47bf-8878-9e0dfda7df63
"Apr 30, 2025 7:54:06 AM","Apr 29, 2025 12:17:00 PM",IDSW100054,-25.9179659000,32.5380863000,-65.1000000000,4.7200000000,Maputo_Cidade,kamubukwana,ETAR,Vala_esgoto_VE,Aguas_residuais,Grag_sample,18.9,40,17,"","","","","","",Sim,Sim,"",Sim,Sim,Nao,Sim,Sim,"","",INOCÊNCIO,"",uuid:9d6de6f8-923f-4e31-8b92-658890e734b1,uuid:9d6de6f8-923f-4e31-8b92-658890e734b1
"May 12, 2025 6:40:26 AM","May 6, 2025 11:32:00 AM",IDSW100062,-25.9189137000,32.5384387000,35.8000000000,4.9000000000,Maputo_Cidade,kamubukwana,ETAR,Cam_Cistern_CC,Aguas_residuais,Moore_swab,33.4,40,67,"","","","","","",Sim,Sim,"",Sim,Sim,Nao,Sim,Sim,"","",INOCÊNCIO,"",uuid:bd99adbe-a414-4768-8796-52c6906194b6,uuid:bd99adbe-a414-4768-8796-52c6906194b6
"May 12, 2025 6:40:26 AM","May 6, 2025 11:34:00 AM",IDSW100063,-25.9189860000,32.5386555000,35.7000000000,4.9830000000,Maputo_Cidade,kamubukwana,ETAR,Cam_Cistern_CC,Aguas_residuais,Grag_sample,33.4,40,67,"","","","","","",Sim,Sim,"",Sim,Sim,Nao,Sim,Sim,"","",INOCÊNCIO,"",uuid:ef7a1473-9856-4c6d-b87b-283633d9cff9,uuid:ef7a1473-9856-4c6d-b87b-283633d9cff9
"May 12, 2025 6:40:27 AM","May 6, 2025 11:38:00 AM",IDSW100064,-25.9182800000,32.5387733000,35.5000000000,4.8000000000,Maputo_Cidade,kamubukwana,ETAR,Entrada_ETAR,Aguas_residuais,Torpidos,33.4,40,67,"","","","","","",Sim,Sim,"",Sim,Sim,Nao,Nao,Nao,"","",INOCÊNCIO,"",uuid:e1619efd-a139-4414-aed6-34a555573ffb,uuid:e1619efd-a139-4414-aed6-34a555573ffb
"May 12, 2025 6:40:27 AM","May 6, 2025 11:42:00 AM",IDSW100065,-25.9183020000,32.5396129000,35.0000000000,4.8660000000,Maputo_Cidade,kamubukwana,ETAR,Entrada_ETAR,Aguas_residuais,Moore_swab,33.4,40,67,"","","","","","",Sim,Sim,"",Sim,Sim,Nao,Sim,Sim,"","",INOCÊNCIO,"",uuid:2272c37b-17c3-41dc-88a8-9d420fae49a2,uuid:2272c37b-17c3-41dc-88a8-9d420fae49a2
"May 12, 2025 6:40:27 AM","May 6, 2025 11:45:00 AM",IDSW100066,-25.9183152000,32.5392685000,34.5000000000,4.5830000000,Maputo_Cidade,kamubukwana,ETAR,Entrada_ETAR,Aguas_residuais,Grag_sample,33.4,40,67,"","","","","","",Sim,Sim,"",Sim,Sim,Nao,Sim,Sim,"","",INOCÊNCIO,"",uuid:6f591997-b72d-488e-9621-ce01a4c496bc,uuid:6f591997-b72d-488e-9621-ce01a4c496bc
"May 12, 2025 6:40:28 AM","May 6, 2025 11:54:00 AM",IDSW100067,-25.9176265000,32.5383152000,25.8000011444,4.7500000000,Maputo_Cidade,kamubukwana,ETAR,Vala_esgoto_VE,Aguas_residuais,Grag_sample,33.4,40,67,"","","","","","",Sim,Sim,"",Sim,Sim,Nao,Sim,Sim,"","",INOCÊNCIO,"",uuid:b8e837c1-78df-438a-b2a3-6315dcf7030c,uuid:b8e837c1-78df-438a-b2a3-6315dcf7030c
"May 12, 2025 6:40:54 AM","May 6, 2025 11:20:00 AM",IDSW100061,-25.9189983000,32.5388383000,73.0999984741,3.8000000000,Maputo_Cidade,kamubukwana,ETAR,Cam_Cistern_CC,Aguas_residuais,Torpidos,33.4,40,67,"","","","","","",Sim,Sim,"",Sim,Sim,Nao,Nao,Nao,"","",INOCÊNCIO,"",uuid:81bb6697-aed6-4ac6-b972-726ccbfbcb09,uuid:81bb6697-aed6-4ac6-b972-726ccbfbcb09
"May 13, 2025 2:32:00 PM","May 13, 2025 9:49:00 AM",IDSW100068,-25.9190577000,32.5389353000,12.5000000000,4.9000000000,Maputo_Cidade,kamubukwana,ETAR,Cam_Cistern_CC,Aguas_residuais,Torpidos,25.6,40,57,"","","","","","",Sim,Sim,"",Sim,Sim,"","","","","",INOCÊNCIO,"",uuid:4aed3bb5-d8b4-492b-99ee-14cd632d945d,uuid:4aed3bb5-d8b4-492b-99ee-14cd632d945d
"May 13, 2025 2:32:00 PM","May 13, 2025 9:51:00 AM",IDSW100069,-25.9190357000,32.5389199000,15.4000000000,4.7660000000,Maputo_Cidade,kamubukwana,ETAR,Cam_Cistern_CC,Aguas_residuais,Moore_swab,25.6,40,57,"","","","","","",Sim,Sim,"",Sim,Sim,"",Sim,Sim,"","",INOCÊNCIO,"",uuid:bd3d868d-25c4-4752-8272-c7c042c1d4a5,uuid:bd3d868d-25c4-4752-8272-c7c042c1d4a5
"May 13, 2025 2:32:01 PM","May 13, 2025 9:52:00 AM",IDSW100070,-25.9189744000,32.5389043000,17.8000000000,4.9250000000,Maputo_Cidade,kamubukwana,ETAR,Cam_Cistern_CC,Aguas_residuais,Grag_sample,25.6,40,57,"","","","","","",Sim,Sim,"",Sim,Sim,"",Sim,Sim,"","",INOCÊNCIO,"",uuid:988a1bb5-3b08-4130-abdc-cb1b9a17efa4,uuid:988a1bb5-3b08-4130-abdc-cb1b9a17efa4
"May 13, 2025 2:32:01 PM","May 13, 2025 9:59:00 AM",IDSW100071,-25.9184440000,32.5392476000,8.8000000000,4.8400000000,Maputo_Cidade,kamubukwana,ETAR,Entrada_ETAR,Aguas_residuais,Torpidos,25.6,40,57,"","","","","","",Sim,Sim,"",Sim,Sim,"","","","","",INOCÊNCIO,"",uuid:d9040fad-15eb-4d76-b703-eb41ca2c1e2a,uuid:d9040fad-15eb-4d76-b703-eb41ca2c1e2a
"May 13, 2025 2:32:02 PM","May 13, 2025 10:01:00 AM",IDSW100072,-25.9184465000,32.5392338000,9.9000000000,4.7660000000,Maputo_Cidade,kamubukwana,ETAR,Entrada_ETAR,Aguas_residuais,Moore_swab,25.6,40,57,"","","","","","",Sim,Sim,"",Sim,Sim,"",Sim,Sim,"","",INOCÊNCIO,"",uuid:9e97ccd2-8c30-4d90-9726-091be2711238,uuid:9e97ccd2-8c30-4d90-9726-091be2711238
"May 13, 2025 2:32:02 PM","May 13, 2025 10:02:00 AM",IDSW100073,-25.9184633000,32.5392043000,9.7000000000,4.8000000000,Maputo_Cidade,kamubukwana,ETAR,Entrada_ETAR,Aguas_residuais,Grag_sample,25.6,40,57,"","","","","","",Sim,Sim,"",Sim,Sim,"",Sim,Sim,"","",INOCÊNCIO,"",uuid:44150237-4f38-4542-bff7-fc8d536dfa23,uuid:44150237-4f38-4542-bff7-fc8d536dfa23
"May 13, 2025 2:32:02 PM","May 13, 2025 10:09:00 AM",IDSW100074,-25.9175250000,32.5382250000,67.4000000000,4.8000000000,Maputo_Cidade,kamubukwana,ETAR,Vala_esgoto_VE,Aguas_residuais,Torpidos,25.6,40,57,"","","","","","",Sim,Sim,"",Sim,Sim,"",Sim,Sim,"","",INOCÊNCIO,"",uuid:539dc04c-d38f-455c-9257-24e56beb6ed3,uuid:539dc04c-d38f-455c-9257-24e56beb6ed3
"May 13, 2025 2:32:03 PM","May 13, 2025 10:10:00 AM",IDSW100075,-25.9175993000,32.5382494000,66.7000000000,4.7500000000,Maputo_Cidade,kamubukwana,ETAR,Vala_esgoto_VE,Aguas_residuais,Moore_swab,25.6,40,57,"","","","","","",Sim,Sim,"",Sim,Sim,"",Sim,Sim,"","",INOCÊNCIO,"",uuid:c7d4bdb5-559f-4f2f-8e56-38154a369060,uuid:c7d4bdb5-559f-4f2f-8e56-38154a369060
"May 13, 2025 2:32:03 PM","May 13, 2025 10:12:00 AM",IDSW100076,-25.9175545000,32.5381683000,67.0000000000,4.9600000000,Maputo_Cidade,kamubukwana,ETAR,Vala_esgoto_VE,Aguas_residuais,Grag_sample,25.6,40,57,"","","","","","",Sim,Sim,"",Sim,Sim,"",Sim,Sim,"","",INOCÊNCIO,"",uuid:ad4ad6a6-517a-4447-a04d-f7d09aa5cc10,uuid:ad4ad6a6-517a-4447-a04d-f7d09aa5cc10
"May 21, 2025 11:21:48 AM","May 20, 2025 11:20:00 AM",IDSW100121,-25.9190350000,32.5389250000,-22.1000003815,4.9000000000,Maputo_Cidade,kamubukwana,ETAR,Cam_Cistern_CC,Aguas_residuais,Torpidos,35.1,40,67,"","","","","","",Sim,Sim,"",Sim,Sim,"",Nao,Nao,"","",INOCÊNCIO,"",uuid:026e7aa7-e50d-4081-aa43-bd0558db1a14,uuid:026e7aa7-e50d-4081-aa43-bd0558db1a14
"May 21, 2025 11:21:48 AM","May 20, 2025 11:28:00 AM",IDSW100122,-25.9189937000,32.5389335000,-22.1000003815,4.6600000000,Maputo_Cidade,kamubukwana,ETAR,Cam_Cistern_CC,Aguas_residuais,Moore_swab,35.1,40,67,"","","","","","",Sim,Sim,"",Sim,Sim,"",Nao,"","","",INOCÊNCIO,"",uuid:d78730c9-3e7f-43d2-ac6d-609724eb14a6,uuid:d78730c9-3e7f-43d2-ac6d-609724eb14a6
"May 21, 2025 11:21:49 AM","May 20, 2025 11:33:00 AM",IDSW100123,-25.9190454000,32.5388999000,48.6000000000,4.8600000000,Maputo_Cidade,kamubukwana,ETAR,Cam_Cistern_CC,Aguas_residuais,Grag_sample,35.1,40,67,"","","","","","",Sim,Sim,"",Sim,Sim,"","","","","",INOCÊNCIO,"",uuid:361cdcb6-e946-44df-b4e6-b5d59eb307c9,uuid:361cdcb6-e946-44df-b4e6-b5d59eb307c9
"May 21, 2025 11:21:49 AM","May 20, 2025 11:40:00 AM",IDSW100124,-25.9184251000,32.5392253000,47.0000000000,4.9000000000,Maputo_Cidade,kamubukwana,ETAR,Entrada_ETAR,Aguas_residuais,Torpidos,35.1,40,67,"","","","","","",Sim,Sim,"",Sim,Sim,"","","","","",INOCÊNCIO,"",uuid:846a021d-a9e1-4b33-841e-b287b9f4291c,uuid:846a021d-a9e1-4b33-841e-b287b9f4291c
"May 21, 2025 11:21:49 AM","May 20, 2025 11:44:00 AM",IDSW100125,-25.9184025000,32.5392376000,46.9000000000,4.6600000000,Maputo_Cidade,kamubukwana,ETAR,Entrada_ETAR,Aguas_residuais,Moore_swab,35.1,40,67,"","","","","","",Sim,Sim,"",Sim,Sim,"",Sim,Sim,"","",INOCÊNCIO,"",uuid:62e58319-3314-4e63-89ba-a96f2d3b1a83,uuid:62e58319-3314-4e63-89ba-a96f2d3b1a83
"May 21, 2025 11:21:49 AM","May 20, 2025 11:47:00 AM",IDSW100126,-25.9184461000,32.5391836000,46.8000000000,4.9160000000,Maputo_Cidade,kamubukwana,ETAR,Entrada_ETAR,Aguas_residuais,Grag_sample,35.1,40,67,"","","","","","",Sim,Sim,"",Sim,Sim,"",Sim,Sim,"","",INOCÊNCIO,"",uuid:ddd88bbd-bdbc-4f1e-9b55-ba05903c88f4,uuid:ddd88bbd-bdbc-4f1e-9b55-ba05903c88f4
"May 21, 2025 11:21:50 AM","May 20, 2025 11:53:00 AM",IDSW100128,-25.9177962000,32.5382684000,-22.1000003815,4.9500000000,Maputo_Cidade,kamubukwana,ETAR,Vala_esgoto_VE,Aguas_residuais,Moore_swab,35.1,40,67,"","","","","","",Sim,Sim,"",Sim,Sim,"",Sim,Sim,"","",INOCÊNCIO,"",uuid:657501b6-3b14-46b5-b525-a141538680a0,uuid:657501b6-3b14-46b5-b525-a141538680a0
"May 21, 2025 11:21:50 AM","May 20, 2025 11:58:00 AM",41222157,-25.9177784000,32.5383294000,-22.0000000000,4.8000000000,Maputo_Cidade,kamubukwana,ETAR,Vala_esgoto_VE,Aguas_residuais,Torpidos,35.1,40,67,"","","","","","",Sim,Sim,"",Sim,Sim,"",Sim,Sim,"","",INOCÊNCIO,"",uuid:d4488fde-f7c7-4e18-8b50-02553d8c713c,uuid:d4488fde-f7c7-4e18-8b50-02553d8c713c
"May 21, 2025 11:21:50 AM","May 20, 2025 12:01:00 PM",14286803,-25.9177965000,32.5382990000,-22.0000000000,4.8000000000,Maputo_Cidade,kamubukwana,ETAR,Vala_esgoto_VE,Aguas_residuais,Grag_sample,35.1,40,67,"","","","","","",Sim,Sim,"",Sim,Sim,"",Sim,Sim,Nao,"",INOCÊNCIO,"",uuid:5bebd392-daaf-4ec4-bac6-ca47d9fc9df3,uuid:5bebd392-daaf-4ec4-bac6-ca47d9fc9df3
"May 27, 2025 1:36:23 PM","May 27, 2025 11:18:00 AM",IDSW100081,-25.9190051000,32.5389170000,26.4000000000,4.9160000000,Maputo_Cidade,kamubukwana,ETAR,Cam_Cistern_CC,Aguas_residuais,Torpidos,28.2,40,57,"","","","","","",Sim,Sim,"",Sim,Sim,"",Nao,"","","",INOCÊNCIO,"",uuid:8cacc3ce-f6e0-4ad4-b741-0fe99679709d,uuid:8cacc3ce-f6e0-4ad4-b741-0fe99679709d
"May 27, 2025 1:36:24 PM","May 27, 2025 11:25:00 AM",IDSW100082,-25.9189199000,32.5389614000,27.9000000000,4.7000000000,Maputo_Cidade,kamubukwana,ETAR,Cam_Cistern_CC,Aguas_residuais,Moore_swab,40,40,28.2,"","","","","","",Sim,Sim,"",Sim,Sim,"","","","","",INOCÊNCIO,"",uuid:82b53f0b-af1a-41e7-81e2-739b28ca1cda,uuid:82b53f0b-af1a-41e7-81e2-739b28ca1cda
"May 27, 2025 1:36:24 PM","May 27, 2025 11:28:00 AM",IDSW100083,-25.9190664000,32.5390569000,36.7000000000,4.7330000000,Maputo_Cidade,kamubukwana,ETAR,Cam_Cistern_CC,Aguas_residuais,Grag_sample,28.2,40,57,"","","","","","",Sim,Sim,"",Sim,Sim,"","","","","",INOCÊNCIO,"",uuid:0f146e61-eb81-467b-8926-861e663b1b9b,uuid:0f146e61-eb81-467b-8926-861e663b1b9b
"May 27, 2025 1:36:24 PM","May 27, 2025 11:33:00 AM",IDSW100084,-25.9185880000,32.5391847000,32.7000000000,4.4830000000,Maputo_Cidade,kamubukwana,ETAR,Entrada_ETAR,Aguas_residuais,Torpidos,28.2,40,57,"","","","","","",Sim,Sim,"",Sim,Sim,"","","","","",INOCÊNCIO,"",uuid:a0d0e9f5-a7f9-4d09-8275-4cd90e2f236e,uuid:a0d0e9f5-a7f9-4d09-8275-4cd90e2f236e
"May 27, 2025 1:36:24 PM","May 27, 2025 11:35:00 AM",IDSW100085,-25.9185331000,32.5392374000,32.7000000000,4.7500000000,Maputo_Cidade,kamubukwana,ETAR,Entrada_ETAR,Aguas_residuais,Moore_swab,28.2,40,57,"","","","","","",Sim,Sim,"",Sim,Sim,"","","","","",INOCÊNCIO,"",uuid:2b94caa3-7d03-4946-bed3-857ddb7a0dc9,uuid:2b94caa3-7d03-4946-bed3-857ddb7a0dc9
"May 27, 2025 1:36:25 PM","May 27, 2025 11:39:00 AM",IDSW100086,-25.9185104000,32.5391395000,31.7000000000,4.9330000000,Maputo_Cidade,kamubukwana,ETAR,Entrada_ETAR,Aguas_residuais,Grag_sample,28.2,40,57,"","","","","","",Sim,Sim,"",Sim,Sim,"","","","","",INOCÊNCIO,"",uuid:a2405ce0-efc9-463f-aaf1-2dc6e4f7f417,uuid:a2405ce0-efc9-463f-aaf1-2dc6e4f7f417
"May 27, 2025 1:36:25 PM","May 27, 2025 11:44:00 AM",IDSW100087,-25.9177561000,32.5383291000,29.0000000000,4.8200000000,Maputo_Cidade,kamubukwana,ETAR,Vala_esgoto_VE,Aguas_residuais,Torpidos,28.2,40,57,"","","","","","",Sim,Sim,"",Sim,Sim,"","","","","",INOCÊNCIO,"",uuid:4d651733-3320-4f31-ae46-0538457e51a9,uuid:4d651733-3320-4f31-ae46-0538457e51a9
"May 27, 2025 1:36:25 PM","May 27, 2025 11:51:00 AM",IDSW100088,-25.9178644000,32.5382999000,28.4000000000,4.6660000000,Maputo_Cidade,kamubukwana,ETAR,Vala_esgoto_VE,Aguas_residuais,Moore_swab,"28,2",40,57,"","","","","","",Sim,Sim,"",Sim,Sim,"","","","","",INOCÊNCIO,"",uuid:fcec9ac7-1046-4fa4-a564-d04d1193e452,uuid:fcec9ac7-1046-4fa4-a564-d04d1193e452
"May 27, 2025 1:36:25 PM","May 27, 2025 11:52:00 AM",IDSW100089,-25.9177443000,32.5383593000,28.1000000000,4.7000000000,Maputo_Cidade,kamubukwana,ETAR,Vala_esgoto_VE,Aguas_residuais,Grag_sample,28.2,40,57,"","","","","","",Sim,Sim,"",Sim,Sim,"","","","","",INOCÊNCIO,"",uuid:e4f81bf3-6213-4a1d-8866-2bf22740caa3,uuid:e4f81bf3-6213-4a1d-8866-2bf22740caa3
"Jun 5, 2025 6:31:11 AM","Jun 3, 2025 10:47:00 AM",IDSW100090,-25.9190229000,32.5389641000,25.3000011444,4.0000000000,Maputo_Cidade,kamubukwana,ETAR,Cam_Cistern_CC,Aguas_residuais,Torpidos,30.2,40,57,"","","","","","",Sim,Sim,"",Sim,Sim,"","","","","",INOCÊNCIO,"",uuid:7935d9e4-6e3c-42f5-baad-46abe0319c0e,uuid:7935d9e4-6e3c-42f5-baad-46abe0319c0e
"Jun 5, 2025 6:31:11 AM","Jun 3, 2025 10:51:00 AM",IDSW100091,-25.9190072000,32.5389665000,25.3000011444,4.3330000000,Maputo_Cidade,kamubukwana,ETAR,Cam_Cistern_CC,Aguas_residuais,Moore_swab,30.2,40,57,"","","","","","",Sim,Sim,"",Sim,Sim,"",Sim,Sim,"","",INOCÊNCIO,"",uuid:50b56ca9-11bd-47a2-ac99-8c9f8cd996c2,uuid:50b56ca9-11bd-47a2-ac99-8c9f8cd996c2
"Jun 5, 2025 6:31:12 AM","Jun 3, 2025 10:53:00 AM",IDSW100092,-25.9189898000,32.5389645000,25.3000011444,4.4500000000,Maputo_Cidade,kamubukwana,ETAR,Cam_Cistern_CC,Aguas_residuais,Grag_sample,30.2,40,57,"","","","","","",Sim,Sim,"",Sim,Sim,"",Sim,Sim,"","",INOCÊNCIO,"",uuid:7c3b9a88-5fa6-49e7-a893-58b1b9c5ac87,uuid:7c3b9a88-5fa6-49e7-a893-58b1b9c5ac87
"Jun 5, 2025 6:31:12 AM","Jun 3, 2025 11:00:00 AM",IDSW100093,-25.9184000000,32.5392395000,34.2000000000,4.9500000000,Maputo_Cidade,kamubukwana,ETAR,Entrada_ETAR,Aguas_residuais,Torpidos,30.2,40,57,"","","","","","",Sim,Sim,"",Sim,Sim,"","","","","",INOCÊNCIO,"",uuid:50f69805-b20a-4460-ab81-a86ef15ebe49,uuid:50f69805-b20a-4460-ab81-a86ef15ebe49
"Jun 5, 2025 6:31:12 AM","Jun 3, 2025 11:04:00 AM",IDSW100094,-25.9184684000,32.5392391000,34.9000000000,4.9500000000,Maputo_Cidade,kamubukwana,ETAR,Entrada_ETAR,Aguas_residuais,Moore_swab,30.2,40,57,"","","","","","",Sim,Sim,"",Sim,Sim,"",Sim,Sim,"","",INOCÊNCIO,"",uuid:2b966757-43fc-49e7-9fe7-69ff79bb3053,uuid:2b966757-43fc-49e7-9fe7-69ff79bb3053
"Jun 5, 2025 6:31:13 AM","Jun 3, 2025 11:06:00 AM",IDSW100095,-25.9185237000,32.5391050000,34.4000000000,4.9830000000,Maputo_Cidade,kamubukwana,ETAR,Entrada_ETAR,Aguas_residuais,Grag_sample,30.2,40,57,"","","","","","",Sim,Sim,"",Sim,Sim,"",Sim,Sim,"","",INOCÊNCIO,"",uuid:16fe7a38-1231-4ef1-a45d-c5605301c23a,uuid:16fe7a38-1231-4ef1-a45d-c5605301c23a
"Jun 5, 2025 6:31:13 AM","Jun 3, 2025 11:11:00 AM",IDSW100096,-25.9177934000,32.5383044000,43.7000000000,4.8160000000,Maputo_Cidade,kamubukwana,ETAR,Vala_esgoto_VE,Aguas_residuais,Torpidos,30.2,40,57,"","","","","","",Sim,Sim,"",Sim,Sim,"","","","","",INOCÊNCIO,"",uuid:9e40b33a-7714-49cd-8b59-200ccf32a200,uuid:9e40b33a-7714-49cd-8b59-200ccf32a200
"Jun 5, 2025 6:31:18 AM","Jun 3, 2025 11:13:00 AM",IDSW100097,-25.9178411000,32.5383293000,45.0000000000,4.8500000000,Maputo_Cidade,kamubukwana,ETAR,Vala_esgoto_VE,Aguas_residuais,Moore_swab,30.2,40,57,"","","","","","",Sim,Sim,"",Sim,Sim,"",Sim,Sim,"","",INOCÊNCIO,"",uuid:e04f323b-6d2c-4654-b889-aa4513a6f436,uuid:e04f323b-6d2c-4654-b889-aa4513a6f436
"Jun 5, 2025 6:31:19 AM","Jun 3, 2025 11:15:00 AM",IDSW100098,-25.8860105000,32.5650176000,81.0000000000,8.4000000000,Maputo_Cidade,kamubukwana,ETAR,Vala_esgoto_VE,Aguas_residuais,Grag_sample,28.2,40,57,"","","","","","",Sim,Sim,"",Sim,Sim,Nao,Nao,Nao,Nao,"",INOCÊNCIO,"",uuid:b0c42eca-1b24-4883-8484-795181ffa534,uuid:b0c42eca-1b24-4883-8484-795181ffa534
"Jun 11, 2025 9:11:43 AM","Jun 10, 2025 9:16:00 AM",IDSW100101,-25.9190293000,32.5389589000,21.6000000000,4.9500000000,Maputo_Cidade,kamubukwana,ETAR,Cam_Cistern_CC,Aguas_residuais,Grag_sample,"27,1",40,27,"","","","","","",Sim,Sim,"",Sim,Sim,"","","","","",INOCÊNCIO,"",uuid:469e05eb-1aad-42dd-9d56-eb6f494d0954,uuid:469e05eb-1aad-42dd-9d56-eb6f494d0954
"Jun 11, 2025 9:11:44 AM","Jun 10, 2025 9:21:00 AM",IDSW100102,-25.9181283000,32.5395831000,22.2000000000,4.6800000000,Maputo_Cidade,kamubukwana,ETAR,Entrada_ETAR,Aguas_residuais,Torpidos,27.1,40,27,"","","","","","",Sim,Sim,"",Sim,Sim,"","","","","",INOCÊNCIO,"",uuid:0115b8d2-17a4-474c-bc1b-6a60d41d9196,uuid:0115b8d2-17a4-474c-bc1b-6a60d41d9196
"Jun 11, 2025 9:11:44 AM","Jun 10, 2025 9:23:00 AM",IDSW100103,-25.9184577000,32.5392586000,22.0000000000,4.7200000000,Maputo_Cidade,kamubukwana,ETAR,Entrada_ETAR,Aguas_residuais,Moore_swab,27.1,40,27,"","","","","","",Sim,Sim,"",Sim,Sim,"","","","","",INOCÊNCIO,"",uuid:a71db337-6c90-4df6-beea-f62b350a1fbe,uuid:a71db337-6c90-4df6-beea-f62b350a1fbe
"Jun 11, 2025 9:11:45 AM","Jun 10, 2025 9:26:00 AM",IDSW100104,-25.9186714000,32.5387638000,-42.9000000000,4.7800000000,Maputo_Cidade,kamubukwana,ETAR,Entrada_ETAR,Aguas_residuais,Grag_sample,27.1,40,27,"","","","","","",Sim,Sim,"",Sim,Sim,"","","","","",INOCÊNCIO,"",uuid:3afa323c-8c8b-427e-87dc-982c32c9e64a,uuid:3afa323c-8c8b-427e-87dc-982c32c9e64a
"Jun 11, 2025 9:11:46 AM","Jun 10, 2025 9:31:00 AM",IDSW100105,-25.9177191000,32.5380496000,-42.8000000000,5.0000000000,Maputo_Cidade,kamubukwana,ETAR,Vala_esgoto_VE,Aguas_residuais,Torpidos,27.1,40,27,"","","","","","",Sim,Sim,"",Sim,Sim,"","","","","",INOCÊNCIO,"",uuid:707f3f53-b063-4596-9dc3-210ef4852052,uuid:707f3f53-b063-4596-9dc3-210ef4852052
"Jun 11, 2025 9:11:46 AM","Jun 10, 2025 9:34:00 AM",IDSW100106,-25.9178012000,32.5380334000,-42.6000000000,4.7200000000,Maputo_Cidade,kamubukwana,ETAR,Vala_esgoto_VE,Aguas_residuais,Moore_swab,27.1,40,27,"","","","","","",Sim,Sim,"",Sim,Sim,"","","","","",INOCÊNCIO,"",uuid:6ee503ff-631b-4c29-9c19-db6861145d7d,uuid:6ee503ff-631b-4c29-9c19-db6861145d7d
"Jun 11, 2025 9:11:46 AM","Jun 10, 2025 9:36:00 AM",IDSW100107,-25.9177811000,32.5380069000,-42.4000000000,4.9600000000,Maputo_Cidade,kamubukwana,ETAR,Vala_esgoto_VE,Aguas_residuais,Grag_sample,27.1,40,27,"","","","","","",Sim,Sim,"",Sim,Sim,"","","","","",INOCÊNCIO,"",uuid:50b66ee9-3065-488d-8584-a705dec234ae,uuid:50b66ee9-3065-488d-8584-a705dec234ae
"Jun 11, 2025 9:12:19 AM","Jun 10, 2025 9:07:00 AM",IDSW100099,-25.9190098000,32.5389049000,19.5000000000,4.9160000000,Maputo_Cidade,kamubukwana,ETAR,Entrada_ETAR,Aguas_residuais,Torpidos,"27,1",40,47,"","","","","","",Sim,Sim,"",Sim,Sim,"","","","","",INOCÊNCIO,"",uuid:e9e4500a-dd72-41eb-bdb9-8849059465d9,uuid:e9e4500a-dd72-41eb-bdb9-8849059465d9
"Jun 11, 2025 9:12:19 AM","Jun 10, 2025 9:12:00 AM",IDSW100100,-25.9190112000,32.5388989000,21.7000000000,4.9800000000,Maputo_Cidade,kamubukwana,ETAR,Cam_Cistern_CC,Aguas_residuais,Moore_swab,"27,1",40,27,"","","","","","",Sim,Sim,"",Sim,Sim,"","","","","",INOCÊNCIO,"",uuid:b0df05fb-bb2d-4966-b499-515955d12224,uuid:b0df05fb-bb2d-4966-b499-515955d12224
"Jun 20, 2025 12:00:03 PM","Jun 17, 2025 9:33:00 AM",IDSW100109,-25.9190265000,32.5388978000,32.0000000000,4.7420000000,Maputo_Cidade,kamubukwana,ETAR,Cam_Cistern_CC,Aguas_residuais,Moore_swab,25.1,40,51,"","","","","","",Sim,Sim,"",Sim,Sim,Nao,Nao,Nao,Nao,"",INOCÊNCIO,"",uuid:9e442655-9bb6-472b-964f-1b1c87f2418f,uuid:9e442655-9bb6-472b-964f-1b1c87f2418f
"Jun 20, 2025 12:00:06 PM","Jun 17, 2025 9:35:00 AM",IDSW100110,-25.9189457000,32.5388926000,32.4000000000,4.5000000000,Maputo_Cidade,kamubukwana,ETAR,Cam_Cistern_CC,Aguas_residuais,Grag_sample,25.1,40,51,"","","","","","",Sim,Sim,"",Sim,Sim,Nao,Nao,Nao,Nao,"",INOCÊNCIO,"",uuid:1cbd1206-2fd1-4ae1-a098-9db03edf3118,uuid:1cbd1206-2fd1-4ae1-a098-9db03edf3118
"Jun 20, 2025 12:00:06 PM","Jun 17, 2025 9:47:00 AM",IDSW100111,-25.9184632000,32.5392245000,23.2000000000,4.9830000000,Maputo_Cidade,kamubukwana,ETAR,Entrada_ETAR,Aguas_residuais,Torpidos,27.4,40,67,"","","","","","",Sim,Sim,"",Sim,Sim,"","","","","",INOCÊNCIO,"",uuid:be79bea3-aa58-49c3-a89b-0488f3b9665e,uuid:be79bea3-aa58-49c3-a89b-0488f3b9665e
"Jun 20, 2025 12:00:07 PM","Jun 17, 2025 9:50:00 AM",IDSW100112,-25.9184715000,32.5391757000,24.4000000000,4.7660000000,Maputo_Cidade,kamubukwana,ETAR,Entrada_ETAR,Aguas_residuais,Moore_swab,25.8,40,57,"","","","","","",Sim,Sim,"",Sim,Sim,"","","","","",INOCÊNCIO,"",uuid:138c6b7d-283b-4119-b563-71bd8a1de7aa,uuid:138c6b7d-283b-4119-b563-71bd8a1de7aa
"Jun 20, 2025 12:00:09 PM","Jun 17, 2025 9:52:00 AM",IDSW100113,-25.9184986000,32.5391188000,24.4000000000,4.9830000000,Maputo_Cidade,kamubukwana,ETAR,Entrada_ETAR,Aguas_residuais,Grag_sample,25.4,40,57,"","","","","","",Sim,Sim,"",Sim,Sim,"","","","","",INOCÊNCIO,"",uuid:90405215-541b-4f15-a316-f3729fbef84e,uuid:90405215-541b-4f15-a316-f3729fbef84e
"Jun 20, 2025 12:00:10 PM","Jun 17, 2025 9:56:00 AM",IDSW100114,-25.9177177000,32.5382461000,24.3000000000,4.9660000000,Maputo_Cidade,kamubukwana,ETAR,Vala_esgoto_VE,Aguas_residuais,Torpidos,25.8,40,57,"","","","","","",Sim,Sim,"",Sim,Sim,"","","","","",INOCÊNCIO,"",uuid:a23cc800-2f10-4fc2-96a6-3a6d1c8c939e,uuid:a23cc800-2f10-4fc2-96a6-3a6d1c8c939e
"Jun 20, 2025 12:00:11 PM","Jun 17, 2025 9:59:00 AM",IDSW100115,-25.9177718000,32.5382408000,24.9000000000,4.9000000000,Maputo_Cidade,kamubukwana,ETAR,Vala_esgoto_VE,Aguas_residuais,Moore_swab,25.7,40,57,"","","","","","",Sim,Sim,"",Sim,Sim,"","","","","",INOCÊNCIO,"",uuid:83cf5656-2199-4052-9176-9dbc317a5f33,uuid:83cf5656-2199-4052-9176-9dbc317a5f33
"Jun 20, 2025 12:00:11 PM","Jun 17, 2025 10:00:00 AM",IDSW100116,-25.9177334000,32.5383346000,25.0000000000,4.9830000000,Maputo_Cidade,kamubukwana,ETAR,Vala_esgoto_VE,Aguas_residuais,Grag_sample,25.7,40,57,"","","","","","",Sim,Sim,"",Sim,Sim,"","","","","",INOCÊNCIO,"",uuid:1933df55-61e5-4686-b0a7-204f5fa51873,uuid:1933df55-61e5-4686-b0a7-204f5fa51873
"Jun 20, 2025 12:00:42 PM","Jun 17, 2025 9:29:00 AM",IDSW100108,-25.9189636000,32.5389386000,32.7000000000,4.6160000000,Maputo_Cidade,kamubukwana,ETAR,Cam_Cistern_CC,Aguas_residuais,Torpidos,25.1,40,57,"","","","","","",Sim,Sim,"",Sim,Sim,Nao,Nao,Nao,Nao,"",INOCÊNCIO,"",uuid:86222f9f-2941-4769-9b24-060e819297de,uuid:86222f9f-2941-4769-9b24-060e819297de
"Jun 24, 2025 10:32:05 AM","Jun 24, 2025 8:24:00 AM",IDSW100117,-25.9187637000,32.5390971000,-22.2000007629,4.7800000000,Maputo_Cidade,kamubukwana,ETAR,Cam_Cistern_CC,Aguas_residuais,Torpidos,19.8,40,17,"","","","","","",Sim,Sim,"",Sim,Sim,"","","","","",INOCÊNCIO,"",uuid:7989ca60-a8e2-4399-bbdf-4e5a522ca69a,uuid:7989ca60-a8e2-4399-bbdf-4e5a522ca69a
"Jun 24, 2025 10:32:06 AM","Jun 24, 2025 8:33:00 AM",IDSW100118,-25.9187623000,32.5390836000,-22.2000007629,4.9830000000,Maputo_Cidade,kamubukwana,ETAR,Cam_Cistern_CC,Aguas_residuais,Moore_swab,19.8,40,17,"","",INOCÊNCIO,"","","",Sim,Sim,"",Sim,Sim,"","","","","","","",uuid:d22e70e9-8e13-4ace-a2b7-7543a7637a24,uuid:d22e70e9-8e13-4ace-a2b7-7543a7637a24
"Jun 24, 2025 10:32:06 AM","Jun 24, 2025 8:36:00 AM",IDSW100119,-25.9187778000,32.5390724000,-22.2000007629,4.4330000000,Maputo_Cidade,kamubukwana,ETAR,Cam_Cistern_CC,Aguas_residuais,Grag_sample,"19,8",40,17,"","","","","","",Sim,Sim,"",Sim,Sim,"","","","","",INOCÊNCIO,"",uuid:29e03ecf-1243-49d7-922e-59e2d997e43d,uuid:29e03ecf-1243-49d7-922e-59e2d997e43d
"Jun 24, 2025 10:32:07 AM","Jun 24, 2025 8:39:00 AM",IDSW100120,-25.9183892000,32.5392092000,15.3000000000,4.8160000000,Maputo_Cidade,kamubukwana,ETAR,Entrada_ETAR,Aguas_residuais,Torpidos,"19,8",40,17,"","","","","","",Sim,Sim,"",Sim,Sim,"","","","","",INOCÊNCIO,"",uuid:17ea20a4-dfbc-429a-8bab-88f805a1ef14,uuid:17ea20a4-dfbc-429a-8bab-88f805a1ef14
"Jun 24, 2025 10:32:07 AM","Jun 24, 2025 8:43:00 AM",IDSW100130,-25.9184150000,32.5392367000,15.9000000000,2.7000000000,Maputo_Cidade,kamubukwana,ETAR,Entrada_ETAR,Aguas_residuais,Moore_swab,"19,8",40,17,"","","","","","",Sim,Sim,"",Sim,Sim,"","","","","",INOCÊNCIO,"",uuid:3048ac35-b43e-4a84-bd03-470be78ac492,uuid:3048ac35-b43e-4a84-bd03-470be78ac492
"Jun 24, 2025 10:32:08 AM","Jun 24, 2025 8:47:00 AM",IDSW100131,-25.9183968000,32.5392270000,16.2000000000,4.9000000000,Maputo_Cidade,kamubukwana,ETAR,Entrada_ETAR,Aguas_residuais,Grag_sample,"19,8",40,17,"","","","","","",Sim,Sim,"",Sim,Sim,"","","","","",INOCÊNCIO,"",uuid:5da27674-ff95-4802-9cdd-a28a9eaaefd7,uuid:5da27674-ff95-4802-9cdd-a28a9eaaefd7
"Jun 24, 2025 10:32:08 AM","Jun 24, 2025 8:52:00 AM",IDSW100132,-25.9177099000,32.5382874000,19.9000000000,4.6400000000,Maputo_Cidade,kamubukwana,ETAR,Vala_esgoto_VE,Aguas_residuais,Torpidos,19.8,40,17,"","","","","","",Sim,Sim,"",Sim,Sim,"","","","","",INOCÊNCIO,"",uuid:c0a41634-78cc-4009-938a-d7d64ba84a04,uuid:c0a41634-78cc-4009-938a-d7d64ba84a04
"Jun 24, 2025 10:32:09 AM","Jun 24, 2025 8:57:00 AM",IDSW100133,-25.9177302000,32.5382923000,20.3000000000,3.8830000000,Maputo_Cidade,kamubukwana,ETAR,Vala_esgoto_VE,Aguas_residuais,Moore_swab,19.8,40,17,"","","","","","",Sim,Sim,"",Sim,Sim,"","","","","",INOCÊNCIO,"",uuid:bb908e79-42f9-4e23-bffd-a02e846dff6d,uuid:bb908e79-42f9-4e23-bffd-a02e846dff6d
"Jun 24, 2025 10:32:09 AM","Jun 24, 2025 9:00:00 AM",IDSW100134,-25.9177345000,32.5384092000,20.0000000000,4.8830000000,Maputo_Cidade,kamubukwana,ETAR,Vala_esgoto_VE,Aguas_residuais,Grag_sample,19.8,40,17,"","","","","","",Sim,Sim,"",Sim,Sim,"","","","","",INOCÊNCIO,"",uuid:a7039aba-1951-4bbd-bed5-f817bb0f0560,uuid:a7039aba-1951-4bbd-bed5-f817bb0f0560
"Jul 1, 2025 11:51:25 AM","Jul 1, 2025 9:42:00 AM",IDSW100135,-25.9188015000,32.5390996000,36.0000000000,4.9660000000,Maputo_Cidade,kamubukwana,ETAR,Cam_Cistern_CC,Aguas_residuais,Torpidos,24,40,67,"","","","","","",Sim,Sim,"",Sim,Sim,"","","",Nao,"",INOCÊNCIO,"",uuid:54f9a60a-0e34-4929-b353-5433196fcdc3,uuid:54f9a60a-0e34-4929-b353-5433196fcdc3
"Jul 1, 2025 11:51:25 AM","Jul 1, 2025 9:46:00 AM",IDSW100136,-25.9186989000,32.5391391000,36.2000000000,4.1660000000,Maputo_Cidade,kamubukwana,ETAR,Cam_Cistern_CC,Aguas_residuais,Moore_swab,24,40,67,"","","","","","",Sim,Sim,"",Sim,Sim,"","","","","",INOCÊNCIO,"",uuid:abbfa8af-c298-47a2-a466-199c20109039,uuid:abbfa8af-c298-47a2-a466-199c20109039
"Jul 1, 2025 11:51:25 AM","Jul 1, 2025 9:49:00 AM",IDSW100137,-25.9187372000,32.5391156000,35.3000000000,4.1500000000,Maputo_Cidade,kamubukwana,ETAR,Cam_Cistern_CC,Aguas_residuais,Grag_sample,24,40,67,"","","","","","",Sim,Sim,"",Sim,Sim,"","","","","",INOCÊNCIO,"",uuid:935be52d-3045-4be9-ae84-c368c30b5ba6,uuid:935be52d-3045-4be9-ae84-c368c30b5ba6
"Jul 1, 2025 11:51:26 AM","Jul 1, 2025 9:53:00 AM",IDSW100138,-25.9184305000,32.5392283000,35.0000000000,4.7000000000,Maputo_Cidade,kamubukwana,ETAR,Entrada_ETAR,Aguas_residuais,Torpidos,24,40,67,"","","","","","",Sim,Sim,"",Sim,Sim,"","","","","",INOCÊNCIO,"",uuid:e1c879f3-76a4-4055-81b7-a0222757633d,uuid:e1c879f3-76a4-4055-81b7-a0222757633d
"Jul 1, 2025 11:51:26 AM","Jul 1, 2025 9:54:00 AM",IDSW100139,-25.9184404000,32.5392286000,34.5000000000,4.1000000000,Maputo_Cidade,kamubukwana,ETAR,Entrada_ETAR,Aguas_residuais,Moore_swab,24,40,67,"","","","","","",Sim,Sim,"",Sim,Sim,"","","","","",INOCÊNCIO,"",uuid:617da2bb-fd80-4056-9f3b-61b20b84bae7,uuid:617da2bb-fd80-4056-9f3b-61b20b84bae7
"Jul 1, 2025 11:51:26 AM","Jul 1, 2025 9:55:00 AM",IDSW100140,-25.9184900000,32.5392358000,33.6000000000,4.8750000000,Maputo_Cidade,kamubukwana,ETAR,Entrada_ETAR,Aguas_residuais,Grag_sample,24,40,67,"","","","","","",Sim,Sim,"",Sim,Sim,Sim,"","","","",INOCÊNCIO,"",uuid:d1b956b1-080e-43af-b986-7943fc110a05,uuid:d1b956b1-080e-43af-b986-7943fc110a05
"Jul 1, 2025 11:51:26 AM","Jul 1, 2025 10:04:00 AM",IDSW100141,-25.9175972000,32.5383342000,44.1000000000,4.9000000000,Maputo_Cidade,kamubukwana,ETAR,Vala_esgoto_VE,Aguas_residuais,Torpidos,24,40,67,"","","","","","",Sim,Sim,"",Sim,Sim,"","","","","",INOCÊNCIO,"",uuid:1dc2e9bf-552f-4944-851c-685a46a0a22b,uuid:1dc2e9bf-552f-4944-851c-685a46a0a22b
"Jul 1, 2025 11:51:27 AM","Jul 1, 2025 10:05:00 AM",IDSW100142,-25.9176807000,32.5382983000,43.4000000000,4.9830000000,Maputo_Cidade,kamubukwana,ETAR,Vala_esgoto_VE,Aguas_residuais,Moore_swab,24,40,67,"","","","","","",Sim,Sim,"",Sim,Sim,"","","","","",INOCÊNCIO,"",uuid:4f4eb9ab-cda6-48ab-85fa-d528cf4786b6,uuid:4f4eb9ab-cda6-48ab-85fa-d528cf4786b6
"Jul 1, 2025 11:51:27 AM","Jul 1, 2025 10:07:00 AM",IDSW100143,-25.9178200000,32.5383545000,43.3000000000,4.9830000000,Maputo_Cidade,kamubukwana,ETAR,Vala_esgoto_VE,Aguas_residuais,Grag_sample,24,40,67,"","","","","","",Sim,Sim,"",Sim,Sim,"","","","","",INOCÊNCIO,"",uuid:a3e5e1df-48c3-48ed-a6d7-cf4a6315185a,uuid:a3e5e1df-48c3-48ed-a6d7-cf4a6315185a
"Jul 8, 2025 10:44:01 AM","Jul 8, 2025 8:00:00 AM",IDSW100144,-25.9187785000,32.5391007000,18.6000000000,3.9200000000,Maputo_Cidade,kamubukwana,ETAR,Cam_Cistern_CC,Aguas_residuais,Torpidos,22.7,40,57,"","","","","","",Sim,Sim,"",Sim,Sim,Nao,Nao,Nao,"","",INOCÊNCIO  e Diosdelio,"",uuid:3d2471b2-a715-4b4c-bcf7-3b6bdee87dad,uuid:3d2471b2-a715-4b4c-bcf7-3b6bdee87dad
"Jul 8, 2025 10:44:01 AM","Jul 8, 2025 8:04:00 AM",IDSW100145,-25.9187964000,32.5390741000,21.1000000000,8.6500000000,Maputo_Cidade,kamavota,ETAR,Cam_Cistern_CC,Aguas_residuais,Moore_swab,22.7,40,57,"","","","","","",Sim,Sim,"",Sim,Sim,"","","","","",INOCÊNCIO e Dio,"",uuid:f7faa2e6-7388-460e-88b8-07d0ca1dca58,uuid:f7faa2e6-7388-460e-88b8-07d0ca1dca58
"Jul 8, 2025 10:44:02 AM","Jul 8, 2025 8:06:00 AM",IDSW100146,-25.9188115000,32.5390904000,19.7000000000,4.6280000000,Maputo_Cidade,kamubukwana,ETAR,Cam_Cistern_CC,Aguas_residuais,Grag_sample,22.7,40,57,"","","","","","",Sim,Sim,"",Sim,Sim,"","","","","",INOCÊNCIO e Dio,"",uuid:de56d886-b3cb-4390-8c54-e5c82d01656a,uuid:de56d886-b3cb-4390-8c54-e5c82d01656a
"Jul 8, 2025 10:44:02 AM","Jul 8, 2025 8:09:00 AM",IDSW100147,-25.9184493000,32.5392014000,20.4000000000,6.7660000000,Maputo_Cidade,kamubukwana,ETAR,Entrada_ETAR,Aguas_residuais,Torpidos,22.7,40,57,"","","","","","",Sim,Sim,"",Sim,Sim,Nao,Nao,Nao,Nao,"",INOCÊNCIO e Dio,"",uuid:84c85745-ec07-4d56-9097-91b03782c473,uuid:84c85745-ec07-4d56-9097-91b03782c473
"Jul 8, 2025 10:44:03 AM","Jul 8, 2025 8:12:00 AM",IDSW100148,-25.9183753000,32.5391339000,19.9000000000,3.5000000000,Maputo_Cidade,kamubukwana,ETAR,Entrada_ETAR,Aguas_residuais,Moore_swab,22.7,40,57,"","","","","","",Sim,Sim,"",Sim,Sim,"","","","","",INOCÊNCIO e Dio,"",uuid:a489f6d9-b3ff-4f91-b92c-3990153a7861,uuid:a489f6d9-b3ff-4f91-b92c-3990153a7861
"Jul 8, 2025 10:44:03 AM","Jul 8, 2025 8:14:00 AM",IDSW100149,-25.9184120000,32.5392273000,19.6000000000,3.3400000000,Maputo_Cidade,kamubukwana,ETAR,Entrada_ETAR,Aguas_residuais,Grag_sample,22.7,40,57,"","","","","","",Sim,Sim,"",Sim,Sim,Nao,Nao,Nao,"","",INOCÊNCIO e Dio,"",uuid:7becc151-15e0-44aa-a519-f7f142ca5a74,uuid:7becc151-15e0-44aa-a519-f7f142ca5a74
"Jul 8, 2025 10:44:03 AM","Jul 8, 2025 8:16:00 AM",IDSW100150,-25.9177514000,32.5383166000,-13.0000000000,4.5830000000,Maputo_Cidade,kamubukwana,ETAR,Vala_esgoto_VE,Aguas_residuais,Torpidos,22.7,40,57,"","","","","","",Sim,Sim,"",Sim,Sim,Nao,Nao,Nao,"","",INOCÊNCIO e Dio,"",uuid:67250a01-dcdd-4186-9f18-5a57b8fb10b0,uuid:67250a01-dcdd-4186-9f18-5a57b8fb10b0
"Jul 8, 2025 10:44:04 AM","Jul 8, 2025 8:20:00 AM",IDSW100151,-25.9177871000,32.5382689000,-13.0000000000,4.4850000000,Maputo_Cidade,kamubukwana,ETAR,Vala_esgoto_VE,Aguas_residuais,Moore_swab,22.7,40,57,"","","","","","",Sim,Sim,"",Sim,Sim,"","","","","",INOCÊNCIO e Dio,"",uuid:f281f0ce-aebc-4700-8221-7e6f7595b8ee,uuid:f281f0ce-aebc-4700-8221-7e6f7595b8ee
"Jul 8, 2025 10:44:04 AM","Jul 8, 2025 8:22:00 AM",IDSW100152,-25.9177366000,32.5383022000,-13.0000000000,4.5330000000,Maputo_Cidade,kamubukwana,ETAR,Vala_esgoto_VE,Aguas_residuais,Grag_sample,22.7,40,57,"","","","","","",Sim,Sim,"",Sim,Sim,Nao,Nao,Nao,Nao,"",INOCÊNCIO e Dio,"",uuid:565abe88-25b1-4eeb-95b7-4b1936b4d2cd,uuid:565abe88-25b1-4eeb-95b7-4b1936b4d2cd
"Jul 16, 2025 2:00:56 PM","Jul 15, 2025 8:50:00 AM",IDSW100154,-25.9187265000,32.5391148000,-11.8999996185,4.0800000000,Maputo_Cidade,kamubukwana,ETAR,Cam_Cistern_CC,Aguas_residuais,Moore_swab,21.3,40,51,"","","","","","",Sim,Sim,"",Sim,Sim,"","","","","",INOCÊNCIO,"",uuid:601e936e-d7e2-4c6e-a9cf-2fa350c9e808,uuid:601e936e-d7e2-4c6e-a9cf-2fa350c9e808
"Jul 16, 2025 2:00:57 PM","Jul 15, 2025 8:51:00 AM",IDSW100153,-25.9187878000,32.5390844000,-11.8999996185,4.8330000000,Maputo_Cidade,kamubukwana,ETAR,Cam_Cistern_CC,Aguas_residuais,Torpidos,21.3,40,51,"","","","","","",Sim,Sim,"",Sim,Sim,"","","","","",INOCÊNCIO,"",uuid:94fc8b0a-fe46-4eed-8093-6dc012101cf3,uuid:94fc8b0a-fe46-4eed-8093-6dc012101cf3
"Jul 16, 2025 2:01:28 PM","Jul 15, 2025 8:27:00 AM",IDSW100159,-25.9176818000,32.5383537000,-11.8999996185,4.2280000000,Maputo_Cidade,kamubukwana,ETAR,Vala_esgoto_VE,Aguas_residuais,Torpidos,21.3,40,51,"","","","","","",Sim,Sim,"",Sim,Sim,"","","","","",INOCÊNCIO,"",uuid:596ce604-10ce-458a-b62a-d8a6848a89fd,uuid:596ce604-10ce-458a-b62a-d8a6848a89fd
"Jul 16, 2025 2:01:28 PM","Jul 15, 2025 8:29:00 AM",IDSW100160,-25.9177356000,32.5382776000,-11.8999996185,4.8700000000,Maputo_Cidade,kamubukwana,ETAR,Vala_esgoto_VE,Aguas_residuais,Moore_swab,21.3,40,51,"","","","","","",Sim,Sim,"",Sim,Sim,"","","","","",INOCÊNCIO,"",uuid:170bca7d-88d9-427a-9f09-0a925cebfa2e,uuid:170bca7d-88d9-427a-9f09-0a925cebfa2e
"Jul 16, 2025 2:01:29 PM","Jul 15, 2025 8:30:00 AM",IDSW100161,-25.9176934000,32.5383668000,-11.8999996185,4.3370000000,Maputo_Cidade,kamubukwana,ETAR,Vala_esgoto_VE,Aguas_residuais,Grag_sample,21.3,40,51,"","","","","","",Sim,Sim,"",Sim,Sim,"","","","","",INOCÊNCIO,"",uuid:9055ec6a-85e2-4c65-be95-7fee2872f722,uuid:9055ec6a-85e2-4c65-be95-7fee2872f722
"Jul 16, 2025 2:01:29 PM","Jul 15, 2025 8:38:00 AM",IDSW100158,-25.9184201000,32.5391663000,-11.8999996185,3.5330000000,Maputo_Cidade,kamubukwana,ETAR,Entrada_ETAR,Aguas_residuais,Grag_sample,21.3,40,51,"","","","","","",Sim,Sim,"",Sim,Sim,"","","","","",INOCÊNCIO,"",uuid:ebaf006b-e109-48d5-9c5a-43b4d1b01a35,uuid:ebaf006b-e109-48d5-9c5a-43b4d1b01a35
"Jul 16, 2025 2:01:29 PM","Jul 15, 2025 8:46:00 AM",IDSW100157,-25.9183899000,32.5390949000,-11.8999996185,4.9400000000,Maputo_Cidade,kamubukwana,ETAR,Entrada_ETAR,Aguas_residuais,Moore_swab,21.3,40,51,"","","","","","",Sim,Sim,"",Sim,Sim,"","","","","",INOCÊNCIO,"",uuid:6c21c4fb-404f-4b2b-96a8-6f74ba0e02b5,uuid:6c21c4fb-404f-4b2b-96a8-6f74ba0e02b5
"Jul 16, 2025 2:01:29 PM","Jul 15, 2025 8:48:00 AM",IDSW100156,-25.9183587000,32.5392429000,-11.8999996185,4.5000000000,Maputo_Cidade,kamubukwana,ETAR,Entrada_ETAR,Aguas_residuais,Torpidos,21.3,40,51,"","","","","","",Sim,Sim,"",Sim,Sim,"","","","","",INOCÊNCIO,"",uuid:2cd472b4-0d02-4ef1-8d87-e65d1c4f116a,uuid:2cd472b4-0d02-4ef1-8d87-e65d1c4f116a
"Jul 16, 2025 2:01:30 PM","Jul 15, 2025 8:49:00 AM",IDSW100155,-25.9187467000,32.5390728000,-11.8999996185,4.5000000000,Maputo_Cidade,kamubukwana,ETAR,Cam_Cistern_CC,Aguas_residuais,Grag_sample,21.3,40,51,"","","","","","",Sim,Sim,"",Sim,Sim,"","","","","",INOCÊNCIO,"",uuid:812e92f2-0ec3-4ba5-93bf-ed5f70733e63,uuid:812e92f2-0ec3-4ba5-93bf-ed5f70733e63
"Jul 22, 2025 2:49:02 PM","Jul 22, 2025 9:38:00 AM",IDSW100163,-25.9187699000,32.5391301000,38.2000000000,4.7600000000,Maputo_Cidade,kamubukwana,ETAR,Cam_Cistern_CC,Aguas_residuais,Moore_swab,"27,9",40,57,"","","","","","",Sim,Sim,"",Sim,Sim,"","","","","",INOCÊNCIO,"",uuid:11c1e7cd-da90-40d8-ae89-42169aba3115,uuid:11c1e7cd-da90-40d8-ae89-42169aba3115
"Jul 22, 2025 2:49:02 PM","Jul 22, 2025 9:41:00 AM",IDSW100164,-25.9188258000,32.5390982000,36.5000000000,4.6160000000,Maputo_Cidade,kamubukwana,ETAR,Cam_Cistern_CC,Aguas_residuais,Grag_sample,27.9,40,57,"","","","","","",Sim,Sim,"",Sim,Sim,"","","","","",INOCÊNCIO,"",uuid:69e23749-ee91-4bac-95ba-b72865162352,uuid:69e23749-ee91-4bac-95ba-b72865162352
"Jul 22, 2025 2:49:03 PM","Jul 22, 2025 9:45:00 AM",IDSW100165,-25.9185081000,32.5391903000,36.0000000000,5.0000000000,Maputo_Cidade,kamubukwana,ETAR,Entrada_ETAR,Aguas_residuais,Torpidos,27.9,40,57,"","","","","","",Sim,Sim,"",Sim,Sim,"","","","","",INOCÊNCIO,"",uuid:a4a2eac3-9504-4186-ab37-3296296de1e5,uuid:a4a2eac3-9504-4186-ab37-3296296de1e5
"Jul 22, 2025 2:49:03 PM","Jul 22, 2025 9:47:00 AM",IDSW100166,-25.9184945000,32.5392388000,35.1000000000,4.7800000000,Maputo_Cidade,kamubukwana,ETAR,Entrada_ETAR,Aguas_residuais,Moore_swab,27.9,40,57,"","","","","","",Sim,Sim,"",Sim,Sim,"","","","","",INOCÊNCIO,"",uuid:f87ba03a-713f-4673-a3ec-23a2c929655f,uuid:f87ba03a-713f-4673-a3ec-23a2c929655f
"Jul 22, 2025 2:49:03 PM","Jul 22, 2025 9:51:00 AM",IDSW100167,-25.9184530000,32.5392059000,35.8000000000,4.8600000000,Maputo_Cidade,kamubukwana,ETAR,Entrada_ETAR,Aguas_residuais,Grag_sample,27.9,40,57,"","","","","","",Sim,Sim,"",Sim,Sim,"","","","","",INOCÊNCIO,"",uuid:07ab0ac4-6a70-4f55-9ea8-2e1dd3370553,uuid:07ab0ac4-6a70-4f55-9ea8-2e1dd3370553
"Jul 22, 2025 2:49:04 PM","Jul 22, 2025 9:56:00 AM",IDSW100168,-25.9177577000,32.5382681000,38.0000000000,4.9160000000,Maputo_Cidade,kamubukwana,ETAR,Vala_esgoto_VE,Aguas_residuais,Torpidos,27.9,40,57,"","","","","","",Sim,Sim,"",Sim,Sim,"","","","","",INOCÊNCIO,"",uuid:536c9d3a-3017-4bc7-92a6-2c1716cbfb54,uuid:536c9d3a-3017-4bc7-92a6-2c1716cbfb54
"Jul 22, 2025 2:49:04 PM","Jul 22, 2025 9:59:00 AM",IDSW100169,-25.9178030000,32.5382665000,36.7000000000,4.6830000000,Maputo_Cidade,kamubukwana,ETAR,Vala_esgoto_VE,Aguas_residuais,Moore_swab,27.9,40,57,"","","","","","",Sim,Sim,"",Sim,Sim,"","","","","",INOCÊNCIO,"",uuid:4b849c7e-ba81-4f21-8dda-58f1d696f149,uuid:4b849c7e-ba81-4f21-8dda-58f1d696f149
"Jul 22, 2025 2:49:04 PM","Jul 22, 2025 10:02:00 AM",IDSW100170,-25.9177680000,32.5382884000,36.6000000000,4.9830000000,Maputo_Cidade,kamubukwana,ETAR,Vala_esgoto_VE,Aguas_residuais,Grag_sample,27.9,40,57,"","","","","","",Sim,Sim,"",Sim,Sim,"","","","","",INOCÊNCIO,"",uuid:72957ecc-5d62-42bc-a120-e5a0f40274dc,uuid:72957ecc-5d62-42bc-a120-e5a0f40274dc
"Jul 22, 2025 2:49:26 PM","Jul 22, 2025 9:23:00 AM",IDSW100162,-25.9189129000,32.5390200000,51.5000000000,4.8200000000,Maputo_Cidade,kamubukwana,ETAR,Cam_Cistern_CC,Aguas_residuais,Torpidos,27.9,40,57,"","","","","","",Sim,Sim,"",Sim,Sim,"","","","","",INOCÊNCIO OSCALDO,"",uuid:a3d57f9f-a38a-42de-a325-2c5c18cdb72b,uuid:a3d57f9f-a38a-42de-a325-2c5c18cdb72b
"Jul 30, 2025 6:57:47 AM","Jul 29, 2025 11:03:00 AM",IDSW100171,-25.9187475000,32.5391059000,-14.1999998093,4.9000000000,Maputo_Cidade,kamubukwana,ETAR,Cam_Cistern_CC,Aguas_residuais,Torpidos,26.9,40,57,"","","","","","",Sim,Sim,"",Sim,Sim,"","","","","",INOCÊNCIO,"",uuid:bd87f48a-c3f7-4ba7-8e0c-ef38d43b1703,uuid:bd87f48a-c3f7-4ba7-8e0c-ef38d43b1703
"Jul 30, 2025 6:57:47 AM","Jul 29, 2025 11:16:00 AM",IDSW100172,-25.9187603000,32.5391225000,-14.1999998093,4.4160000000,Maputo_Cidade,kamubukwana,ETAR,Cam_Cistern_CC,Aguas_residuais,Moore_swab,26.9,40,57,"","","","","","",Sim,Sim,"",Sim,Sim,"","","","","",INOCÊNCIO,"",uuid:1b8bcad1-a7ac-44b4-86e9-66fe1748dd79,uuid:1b8bcad1-a7ac-44b4-86e9-66fe1748dd79
"Jul 30, 2025 6:57:48 AM","Jul 29, 2025 11:18:00 AM",IDSW100173,-25.9188741000,32.5392042000,-14.1999998093,4.7000000000,Maputo_Cidade,kamubukwana,ETAR,Cam_Cistern_CC,Aguas_residuais,Grag_sample,26.9,26.9,40,"","","","","","",Sim,Sim,"",Sim,Sim,"","","","","",INOCÊNCIO,"",uuid:6f87e278-e3c0-4b12-bfee-3b4d5497ae48,uuid:6f87e278-e3c0-4b12-bfee-3b4d5497ae48
"Jul 30, 2025 6:57:48 AM","Jul 29, 2025 11:20:00 AM",IDSW100174,-25.9184647000,32.5392543000,-14.1999998093,4.8280000000,Maputo_Cidade,kamubukwana,ETAR,Entrada_ETAR,Aguas_residuais,Torpidos,26.9,40,57,"","","","","","",Sim,Sim,"",Sim,Sim,"","","","","",INOCÊNCIO,"",uuid:253968b5-b8e5-4c91-b77e-07efe138832a,uuid:253968b5-b8e5-4c91-b77e-07efe138832a
"Jul 30, 2025 6:57:49 AM","Jul 29, 2025 11:22:00 AM",IDSW100175,-25.9184583000,32.5392550000,-14.1999998093,3.3000000000,Maputo_Cidade,kamubukwana,ETAR,Entrada_ETAR,Aguas_residuais,Moore_swab,26.9,40,57,"","","","","","",Sim,Sim,"",Sim,Sim,"","","","","",INOCÊNCIO,"",uuid:05ce0c91-865d-4052-9b62-672eb7fe988e,uuid:05ce0c91-865d-4052-9b62-672eb7fe988e
"Jul 30, 2025 6:57:50 AM","Jul 29, 2025 11:24:00 AM",IDSW100176,-25.9183756000,32.5391489000,-14.1999998093,3.9000000000,Maputo_Cidade,kamubukwana,ETAR,Entrada_ETAR,Aguas_residuais,Grag_sample,26.9,40,57,"","","","","","",Sim,Sim,"",Sim,Sim,"","","","","",INOCÊNCIO,"",uuid:dff8272f-ae41-4d25-a885-52af930b00ee,uuid:dff8272f-ae41-4d25-a885-52af930b00ee
"Jul 30, 2025 6:57:51 AM","Jul 29, 2025 11:26:00 AM",IDSW100177,-25.9176695000,32.5381779000,-14.0999994278,4.9830000000,Maputo_Cidade,kamubukwana,ETAR,Vala_esgoto_VE,Aguas_residuais,Torpidos,26.9,40,57,"","","","","","",Sim,Sim,"",Sim,Sim,"","","","","",INOCÊNCIO,"",uuid:e6fdd179-b39c-4142-b94b-ae4073a7d775,uuid:e6fdd179-b39c-4142-b94b-ae4073a7d775
"Jul 30, 2025 6:57:51 AM","Jul 29, 2025 11:31:00 AM",IDSW100178,-25.9176428000,32.5383568000,-14.1999998093,3.9600000000,Maputo_Cidade,kamubukwana,ETAR,Vala_esgoto_VE,Aguas_residuais,Moore_swab,26.9,40,57,"","","","","","",Sim,Sim,"",Sim,Sim,"","","","","",INOCÊNCIO,"",uuid:2be30ebf-84ae-4404-9f7d-ca030a6536d4,uuid:2be30ebf-84ae-4404-9f7d-ca030a6536d4
"Jul 30, 2025 6:57:52 AM","Jul 29, 2025 11:33:00 AM",IDSW100179,-25.9177698000,32.5383629000,-14.0999994278,4.5660000000,Maputo_Cidade,kamubukwana,ETAR,Vala_esgoto_VE,Aguas_residuais,Grag_sample,26.9,40,57,"","","","","","",Sim,Sim,"",Sim,Sim,"","","","","",INOCÊNCIO,"",uuid:1a624349-e94c-48a8-8e72-9065718c00cb,uuid:1a624349-e94c-48a8-8e72-9065718c00cb
"Aug 8, 2025 2:31:40 PM","Aug 5, 2025 9:12:00 AM",IDSWT00001,-16.1637422000,33.5983255000,120.0999984741,4.9000000000,Tete,tete,Quartel_Militar,Emissario_EM,Aguas_residuais,Moore_swab,22,40,50,"","","","","","",Sim,Sim,"",Sim,Sim,"","","","","","B, I, B, C","",uuid:09957d0e-43d5-4fe0-95fb-80f2123b1ed4,uuid:09957d0e-43d5-4fe0-95fb-80f2123b1ed4
"Aug 8, 2025 2:31:41 PM","Aug 5, 2025 9:19:00 AM",IDSWT00002,-16.1638002000,33.5982275000,120.6999969482,4.9000000000,Tete,tete,Quartel_Militar,Emissario_EM,Aguas_residuais,Grag_sample,22,40,50,"","","","","","",Sim,Sim,"",Sim,Sim,"","","","","",Banquir,Colhemos sem nenhuma dificuldade.,uuid:a1bff79c-960e-4ae5-909c-b885a0ab21d9,uuid:a1bff79c-960e-4ae5-909c-b885a0ab21d9
"Aug 8, 2025 2:31:41 PM","Aug 5, 2025 9:29:00 AM",IDSWT00003,-16.1578760000,33.5922966000,119.4000015259,4.7330000000,Tete,tete,Paraiso_Misterioso,Emissario_EM,Aguas_residuais,Moore_swab,22,40,50,"","","","","","",Sim,Sim,"",Sim,Sim,"","","","","",Banquir e João Baptista,"",uuid:b4a9d392-c834-4d82-b84f-df787ef9ae93,uuid:b4a9d392-c834-4d82-b84f-df787ef9ae93
"Aug 8, 2025 2:31:41 PM","Aug 5, 2025 9:31:00 AM",IDSWT00004,-16.1578177000,33.5922464000,119.4000015259,4.8160000000,Tete,tete,Paraiso_Misterioso,Emissario_EM,Aguas_residuais,Grag_sample,20,40,50,"","","","","","",Sim,Sim,"",Sim,Sim,"","","","","",Banquir,"",uuid:b5300806-e1e5-4b37-9bad-e9f20c8f321a,uuid:b5300806-e1e5-4b37-9bad-e9f20c8f321a
"Aug 8, 2025 2:31:42 PM","Aug 5, 2025 9:40:00 AM",IDSWT00005,-16.1560100000,33.5903067000,121.6999969482,4.9400000000,Tete,tete,Mercado_do_Peixe,Emissario_EM,Aguas_residuais,Moore_swab,22,40,50,"","","","","","",Sim,Sim,"",Sim,Sim,"","","","","",Banquir e João,"",uuid:c328652b-d981-428d-b5ca-3079860a569f,uuid:c328652b-d981-428d-b5ca-3079860a569f
"Aug 8, 2025 2:31:42 PM","Aug 5, 2025 9:46:00 AM",IDSWT00006,-16.1560033000,33.5903033000,113.3000000000,4.8250000000,Tete,tete,Mercado_do_Peixe,Emissario_EM,Aguas_residuais,Grag_sample,24,40,54,"","","","","","",Sim,Sim,"",Sim,Sim,"","","","","",Banquir e João,"",uuid:3301bd93-679b-429e-8d6e-69f1ff4f48a9,uuid:3301bd93-679b-429e-8d6e-69f1ff4f48a9
"Aug 8, 2025 2:31:42 PM","Aug 5, 2025 9:54:00 AM",IDSWT00007,-16.1545200000,33.5886118000,119.8000030518,4.8160000000,Tete,tete,Registo,Emissario_EM,Aguas_residuais,Moore_swab,24,40,54,"","","","","","",Sim,Sim,"",Sim,Sim,"","","","","",Banquir e João,"",uuid:52b89d12-e6ae-4674-9943-318b277a1907,uuid:52b89d12-e6ae-4674-9943-318b277a1907
"Aug 8, 2025 2:31:43 PM","Aug 5, 2025 9:59:00 AM",IDSWT00008,-16.1545611000,33.5885857000,119.8000030518,4.9830000000,Tete,tete,Registo,Emissario_EM,Aguas_residuais,Grag_sample,24,40,54,"","","","","","",Sim,Sim,"",Sim,Sim,"","","","","",Banquir e João Baptista,"",uuid:a7633636-3e95-4a3e-89bb-5fd7027fc99c,uuid:a7633636-3e95-4a3e-89bb-5fd7027fc99c
"Aug 12, 2025 3:34:15 PM","Aug 12, 2025 6:31:00 AM",IDSWT00019,-16.1637534000,33.5982934000,120.0999984741,4.4000000000,Tete,tete,Quartel_Militar,Emissario_EM,Aguas_residuais,Moore_swab,26,40,50,"","","","","","",Sim,Sim,"",Sim,Sim,"","","","","",Banquir,"",uuid:6470170e-6b0f-4dda-a378-d6adc8df864a,uuid:6470170e-6b0f-4dda-a378-d6adc8df864a
"Aug 12, 2025 3:34:16 PM","Aug 12, 2025 6:42:00 AM",IDSWT00026,-16.1637454000,33.5983305000,120.0999984741,4.0660000000,Tete,tete,Quartel_Militar,Emissario_EM,Aguas_residuais,Grag_sample,26,40,43,"","","","","","",Sim,Sim,"",Sim,Sim,"","","","","",Banquir,"",uuid:822ffe25-20e0-4b93-b94a-92d32c6c31d4,uuid:822ffe25-20e0-4b93-b94a-92d32c6c31d4
"Aug 12, 2025 3:34:16 PM","Aug 12, 2025 7:03:00 AM",IDSWT00020,-16.1578336000,33.5923360000,119.4000015259,3.9500000000,Tete,tete,Paraiso_Misterioso,Emissario_EM,Aguas_residuais,Moore_swab,26,40,50,"","","","","","",Sim,Sim,"",Sim,Sim,"","","","","",Banquir,"",uuid:d4a23ca9-6264-4213-a735-9cbefe5cfb7d,uuid:d4a23ca9-6264-4213-a735-9cbefe5cfb7d
"Aug 12, 2025 3:34:16 PM","Aug 12, 2025 7:09:00 AM",12517473,-16.1579074000,33.5922778000,119.4000015259,4.7160000000,Tete,tete,Paraiso_Misterioso,Emissario_EM,Aguas_residuais,Grag_sample,26,40,50,"","","","","","",Sim,Sim,"",Sim,Sim,"","","","","",Banquir,"",uuid:8dfa7148-a372-4bd8-adad-1fc032b00b9f,uuid:8dfa7148-a372-4bd8-adad-1fc032b00b9f
"Aug 12, 2025 3:34:17 PM","Aug 12, 2025 7:22:00 AM",IDSWT00021,-16.1563742000,33.5905674000,119.4000015259,4.9160000000,Tete,tete,Mercado_do_Peixe,Emissario_EM,Aguas_residuais,Moore_swab,26,40,50,"","","","","","",Sim,Sim,"",Sim,Sim,"","","","","",Banquir,"",uuid:f6d06e59-991e-42f9-ad85-abc09769bebd,uuid:f6d06e59-991e-42f9-ad85-abc09769bebd
"Aug 12, 2025 3:34:17 PM","Aug 12, 2025 7:26:00 AM",IDSWT00023,-16.1560589000,33.5903209000,119.4000015259,3.5630000000,Tete,tete,Mercado_do_Peixe,Emissario_EM,Aguas_residuais,Grag_sample,26,40,50,"","","","","","",Sim,Sim,"",Sim,Sim,"","","","","",Banquir,"",uuid:c6850c4c-b451-4060-ac50-1a775266bb85,uuid:c6850c4c-b451-4060-ac50-1a775266bb85
"Aug 12, 2025 3:34:17 PM","Aug 12, 2025 7:34:00 AM",IDSWT00022,-16.1544919000,33.5886877000,119.4000015259,4.5000000000,Tete,tete,Registo,Emissario_EM,Aguas_residuais,Moore_swab,26,40,50,"","","","","","",Sim,Sim,"",Sim,Sim,"","","","","",Banquir,"",uuid:a593fc3f-5dbd-42a3-9fe9-838a90101569,uuid:a593fc3f-5dbd-42a3-9fe9-838a90101569
"Aug 12, 2025 3:34:18 PM","Aug 12, 2025 7:36:00 AM",IDSWT00025,-16.1545309000,33.5886384000,119.4000015259,4.7250000000,Tete,tete,Registo,Emissario_EM,Aguas_residuais,Grag_sample,26,40,50,"","","","","","",Sim,Sim,"",Sim,Sim,"","","","","",Banquir,"",uuid:84e86be6-5c30-4e59-b24b-e23bf086599c,uuid:84e86be6-5c30-4e59-b24b-e23bf086599c
"Aug 13, 2025 11:03:11 AM","Aug 13, 2025 8:00:00 AM",IDSW100169,-25.9172327000,32.5381824000,-35.7000000000,10.3500000000,Maputo_Cidade,kamubukwana,ETAR,Vala_esgoto_VE,Aguas_residuais,Moore_swab,22,40,67,"","","","","","",Sim,Sim,"",Sim,Sim,"","","","","",INOCÊNCIO,"",uuid:3fcd3de0-1c13-4923-aa77-02ce01af5ab3,uuid:3fcd3de0-1c13-4923-aa77-02ce01af5ab3
"Aug 19, 2025 2:23:17 PM","Aug 19, 2025 7:03:00 AM",IDSWT00027,-16.1545339000,33.5886873000,122.5000000000,4.9660000000,Tete,tete,Registo,Emissario_EM,Aguas_residuais,Moore_swab,31,40,51,"","","","","","",Sim,Sim,"",Sim,Sim,"","","","","",Camacho Monteiro,"",uuid:704691fd-b694-43a6-9398-8a3424016042,uuid:704691fd-b694-43a6-9398-8a3424016042
"Aug 19, 2025 2:23:18 PM","Aug 19, 2025 7:14:00 AM",IDSWT00027,-16.1545018000,33.5886016000,122.5000000000,4.9160000000,Tete,tete,Registo,Emissario_EM,Aguas_residuais,Grag_sample,31,40,51,"","","","","","",Sim,Sim,"",Sim,Sim,"","","","","",Camacho Monteiro,"",uuid:72bdee2c-5a60-4c4f-81bc-714daf013470,uuid:72bdee2c-5a60-4c4f-81bc-714daf013470
"Aug 19, 2025 2:23:18 PM","Aug 19, 2025 7:27:00 AM",IDSWT00028,-16.1560074000,33.5903387000,120.2000000000,4.4830000000,Tete,tete,Mercado_do_Peixe,Emissario_EM,Aguas_residuais,Moore_swab,31,40,51,"","","","","","",Sim,Sim,"",Sim,Sim,"","","","","",Camacho Monteiro,"",uuid:644a02d0-00cb-4cfb-a2e2-b0a53d3baaf1,uuid:644a02d0-00cb-4cfb-a2e2-b0a53d3baaf1
"Aug 19, 2025 2:23:19 PM","Aug 19, 2025 7:30:00 AM",IDSWT00028,-16.1559058000,33.5904553000,121.6999969482,4.7500000000,Tete,tete,Mercado_do_Peixe,Emissario_EM,Aguas_residuais,Grag_sample,31,40,51,"","","","","","",Sim,Sim,"",Sim,Sim,"","","","","",Camacho Monteiro,"",uuid:07180d1b-b910-4fa9-9530-0bbde93dca9c,uuid:07180d1b-b910-4fa9-9530-0bbde93dca9c
"Aug 19, 2025 2:23:20 PM","Aug 19, 2025 7:49:00 AM",IDSWT00029,-16.1578840000,33.5922279000,119.4000015259,4.9200000000,Tete,tete,Paraiso_Misterioso,Emissario_EM,Aguas_residuais,Moore_swab,31,40,51,"","","","","","",Sim,Sim,"",Sim,Sim,"","","","","",Camacho Monteiro,"",uuid:63075835-7cfd-477e-bd47-61bccef2c41d,uuid:63075835-7cfd-477e-bd47-61bccef2c41d
"Aug 19, 2025 2:23:20 PM","Aug 19, 2025 7:52:00 AM",IDSWT00029,-16.1578448000,33.5922725000,119.4000015259,4.8200000000,Tete,tete,Paraiso_Misterioso,Emissario_EM,Aguas_residuais,Grag_sample,31,40,51,"","","","","","",Sim,Sim,"",Sim,Sim,"","","","","",Camacho Monteiro,"",uuid:a03a96a1-9ec0-423a-b936-e009480c8480,uuid:a03a96a1-9ec0-423a-b936-e009480c8480
"Aug 19, 2025 2:23:21 PM","Aug 19, 2025 8:12:00 AM",IDSWT00030,-16.1636716000,33.5981696000,125.1999969482,4.8800000000,Tete,tete,Quartel_Militar,Emissario_EM,Aguas_residuais,Moore_swab,31,40,51,"","","","","","",Sim,Sim,"",Sim,Sim,"","","","","",Camacho Monteiro,"",uuid:5e7823c4-e6ff-4ff2-8bab-d9652347d2e5,uuid:5e7823c4-e6ff-4ff2-8bab-d9652347d2e5
"Aug 19, 2025 2:23:21 PM","Aug 19, 2025 8:14:00 AM",IDSWT00030,-16.1637592000,33.5982036000,125.1999969482,4.9000000000,Tete,tete,Quartel_Militar,Emissario_EM,Aguas_residuais,Grag_sample,31,40,51,"","","","","","",Sim,Sim,"",Sim,Sim,"","","","","",Camacho Monteiro,"",uuid:510ddde7-2cd7-4a0d-8a62-f3e5442750b3,uuid:510ddde7-2cd7-4a0d-8a62-f3e5442750b3
