entity:wastewater30-31_id	aligned_bai	aligned_bam	alignment_method	bbduk_docker	bwa_version	fastq_scan_version	freyja_barcode_version	freyja_demixed	freyja_depths	freyja_fastq_wf_analysis_date	freyja_fastq_wf_version	freyja_metadata_version	freyja_variants	ivar_version_primtrim	kraken_human	kraken_human_dehosted	kraken_report	kraken_report_dehosted	kraken_sc2	kraken_sc2_dehosted	kraken_version	num_reads_clean1	num_reads_clean2	num_reads_clean_pairs	num_reads_raw1	num_reads_raw2	num_reads_raw_pairs	primer_bed_name	primer_trimmed_read_percent	read1	read1_clean	read1_dehosted	read2	read2_clean	read2_dehosted	samtools_version	samtools_version_primtrim	trimmomatic_version
CN-lib4698_S19_L001																														gs://fc-d989c87a-a5b0-4d03-97bd-602a5ee1637c/uploads/wastewater30-31/CN-lib4698_S19_L001_R1_001.fastq.gz			gs://fc-d989c87a-a5b0-4d03-97bd-602a5ee1637c/uploads/wastewater30-31/CN-lib4698_S19_L001_R2_001.fastq.gz					
PMB0747124-lib4680_S1_L001	gs://fc-a564560f-e700-499e-a079-2c42374908d8/submissions/3176fe82-3e24-4ad1-990d-9c71f23a0dc3/freyja_fastq/e94c6fab-7f31-4587-b3e8-cfaf20a418ad/call-primer_trim/PMB0747124-lib4680_S1_L001.primertrim.sorted.bam.bai	gs://fc-a564560f-e700-499e-a079-2c42374908d8/submissions/3176fe82-3e24-4ad1-990d-9c71f23a0dc3/freyja_fastq/e94c6fab-7f31-4587-b3e8-cfaf20a418ad/call-primer_trim/PMB0747124-lib4680_S1_L001.primertrim.sorted.bam	BWA Version: 0.7.17-r1188; iVar version 1.3.1	quay.io/staphb/bbtools:38.76	BWA Version: 0.7.17-r1188	fastq-scan 0.4.4	freyja_usher_barcodes_20220309.csv	gs://fc-a564560f-e700-499e-a079-2c42374908d8/submissions/3176fe82-3e24-4ad1-990d-9c71f23a0dc3/freyja_fastq/e94c6fab-7f31-4587-b3e8-cfaf20a418ad/call-freyja/PMB0747124-lib4680_S1_L001_freyja_demixed.tsv	gs://fc-a564560f-e700-499e-a079-2c42374908d8/submissions/3176fe82-3e24-4ad1-990d-9c71f23a0dc3/freyja_fastq/e94c6fab-7f31-4587-b3e8-cfaf20a418ad/call-freyja/PMB0747124-lib4680_S1_L001_freyja_depths.tsv	7/30/2025	PHVG 2.3.2	freyja_lineage_metadata_20220215.json	gs://fc-a564560f-e700-499e-a079-2c42374908d8/submissions/3176fe82-3e24-4ad1-990d-9c71f23a0dc3/freyja_fastq/e94c6fab-7f31-4587-b3e8-cfaf20a418ad/call-freyja/PMB0747124-lib4680_S1_L001_freyja_variants.tsv	iVar version 1.3.1	0.06	0.06	gs://fc-a564560f-e700-499e-a079-2c42374908d8/submissions/3176fe82-3e24-4ad1-990d-9c71f23a0dc3/freyja_fastq/e94c6fab-7f31-4587-b3e8-cfaf20a418ad/call-read_QC_trim/read_QC_trim/30bb6983-81bc-4288-93cd-e5bb5fed165d/call-kraken2_raw/cacheCopy/PMB0747124-lib4680_S1_L001_kraken2_report.txt	gs://fc-a564560f-e700-499e-a079-2c42374908d8/submissions/3176fe82-3e24-4ad1-990d-9c71f23a0dc3/freyja_fastq/e94c6fab-7f31-4587-b3e8-cfaf20a418ad/call-read_QC_trim/read_QC_trim/30bb6983-81bc-4288-93cd-e5bb5fed165d/call-kraken2_dehosted/PMB0747124-lib4680_S1_L001_kraken2_report.txt	60.17	60.17	Kraken version 2.0.8-beta	65971	65971	65971	325498	325498	325498	V4_nCoV-2021.primer.bed	23.66	gs://fc-d989c87a-a5b0-4d03-97bd-602a5ee1637c/uploads/wastewater30-31/PMB0747124-lib4680_S1_L001_R1_001.fastq.gz	gs://fc-a564560f-e700-499e-a079-2c42374908d8/submissions/3176fe82-3e24-4ad1-990d-9c71f23a0dc3/freyja_fastq/e94c6fab-7f31-4587-b3e8-cfaf20a418ad/call-read_QC_trim/read_QC_trim/30bb6983-81bc-4288-93cd-e5bb5fed165d/call-bbduk/PMB0747124-lib4680_S1_L001_1.clean.fastq.gz	gs://fc-a564560f-e700-499e-a079-2c42374908d8/submissions/3176fe82-3e24-4ad1-990d-9c71f23a0dc3/freyja_fastq/e94c6fab-7f31-4587-b3e8-cfaf20a418ad/call-read_QC_trim/read_QC_trim/30bb6983-81bc-4288-93cd-e5bb5fed165d/call-ncbi_scrub_pe/cacheCopy/PMB0747124-lib4680_S1_L001_R1_dehosted.fastq.gz	gs://fc-d989c87a-a5b0-4d03-97bd-602a5ee1637c/uploads/wastewater30-31/PMB0747124-lib4680_S1_L001_R2_001.fastq.gz	gs://fc-a564560f-e700-499e-a079-2c42374908d8/submissions/3176fe82-3e24-4ad1-990d-9c71f23a0dc3/freyja_fastq/e94c6fab-7f31-4587-b3e8-cfaf20a418ad/call-read_QC_trim/read_QC_trim/30bb6983-81bc-4288-93cd-e5bb5fed165d/call-bbduk/PMB0747124-lib4680_S1_L001_2.clean.fastq.gz	gs://fc-a564560f-e700-499e-a079-2c42374908d8/submissions/3176fe82-3e24-4ad1-990d-9c71f23a0dc3/freyja_fastq/e94c6fab-7f31-4587-b3e8-cfaf20a418ad/call-read_QC_trim/read_QC_trim/30bb6983-81bc-4288-93cd-e5bb5fed165d/call-ncbi_scrub_pe/cacheCopy/PMB0747124-lib4680_S1_L001_R2_dehosted.fastq.gz	samtools 1.12	samtools 1.12	Trimmomatic 0.39
PMB0747125-lib4681_S2_L001	gs://fc-a564560f-e700-499e-a079-2c42374908d8/submissions/3176fe82-3e24-4ad1-990d-9c71f23a0dc3/freyja_fastq/196cc394-fc14-4916-a5a3-3e154da4cc75/call-primer_trim/PMB0747125-lib4681_S2_L001.primertrim.sorted.bam.bai	gs://fc-a564560f-e700-499e-a079-2c42374908d8/submissions/3176fe82-3e24-4ad1-990d-9c71f23a0dc3/freyja_fastq/196cc394-fc14-4916-a5a3-3e154da4cc75/call-primer_trim/PMB0747125-lib4681_S2_L001.primertrim.sorted.bam	BWA Version: 0.7.17-r1188; iVar version 1.3.1	quay.io/staphb/bbtools:38.76	BWA Version: 0.7.17-r1188	fastq-scan 0.4.4	freyja_usher_barcodes_20220309.csv	gs://fc-a564560f-e700-499e-a079-2c42374908d8/submissions/3176fe82-3e24-4ad1-990d-9c71f23a0dc3/freyja_fastq/196cc394-fc14-4916-a5a3-3e154da4cc75/call-freyja/PMB0747125-lib4681_S2_L001_freyja_demixed.tsv	gs://fc-a564560f-e700-499e-a079-2c42374908d8/submissions/3176fe82-3e24-4ad1-990d-9c71f23a0dc3/freyja_fastq/196cc394-fc14-4916-a5a3-3e154da4cc75/call-freyja/PMB0747125-lib4681_S2_L001_freyja_depths.tsv	7/30/2025	PHVG 2.3.2	freyja_lineage_metadata_20220215.json	gs://fc-a564560f-e700-499e-a079-2c42374908d8/submissions/3176fe82-3e24-4ad1-990d-9c71f23a0dc3/freyja_fastq/196cc394-fc14-4916-a5a3-3e154da4cc75/call-freyja/PMB0747125-lib4681_S2_L001_freyja_variants.tsv	iVar version 1.3.1	0.64	0.6	gs://fc-a564560f-e700-499e-a079-2c42374908d8/submissions/3176fe82-3e24-4ad1-990d-9c71f23a0dc3/freyja_fastq/196cc394-fc14-4916-a5a3-3e154da4cc75/call-read_QC_trim/read_QC_trim/4e3d944b-3c7a-45c7-bbae-9a4c150fcb4e/call-kraken2_raw/cacheCopy/PMB0747125-lib4681_S2_L001_kraken2_report.txt	gs://fc-a564560f-e700-499e-a079-2c42374908d8/submissions/3176fe82-3e24-4ad1-990d-9c71f23a0dc3/freyja_fastq/196cc394-fc14-4916-a5a3-3e154da4cc75/call-read_QC_trim/read_QC_trim/4e3d944b-3c7a-45c7-bbae-9a4c150fcb4e/call-kraken2_dehosted/PMB0747125-lib4681_S2_L001_kraken2_report.txt	3.55	3.55	Kraken version 2.0.8-beta	13217	13217	13217	59138	59138	59138	V4_nCoV-2021.primer.bed	21.47	gs://fc-d989c87a-a5b0-4d03-97bd-602a5ee1637c/uploads/wastewater30-31/PMB0747125-lib4681_S2_L001_R1_001.fastq.gz	gs://fc-a564560f-e700-499e-a079-2c42374908d8/submissions/3176fe82-3e24-4ad1-990d-9c71f23a0dc3/freyja_fastq/196cc394-fc14-4916-a5a3-3e154da4cc75/call-read_QC_trim/read_QC_trim/4e3d944b-3c7a-45c7-bbae-9a4c150fcb4e/call-bbduk/PMB0747125-lib4681_S2_L001_1.clean.fastq.gz	gs://fc-a564560f-e700-499e-a079-2c42374908d8/submissions/3176fe82-3e24-4ad1-990d-9c71f23a0dc3/freyja_fastq/196cc394-fc14-4916-a5a3-3e154da4cc75/call-read_QC_trim/read_QC_trim/4e3d944b-3c7a-45c7-bbae-9a4c150fcb4e/call-ncbi_scrub_pe/cacheCopy/PMB0747125-lib4681_S2_L001_R1_dehosted.fastq.gz	gs://fc-d989c87a-a5b0-4d03-97bd-602a5ee1637c/uploads/wastewater30-31/PMB0747125-lib4681_S2_L001_R2_001.fastq.gz	gs://fc-a564560f-e700-499e-a079-2c42374908d8/submissions/3176fe82-3e24-4ad1-990d-9c71f23a0dc3/freyja_fastq/196cc394-fc14-4916-a5a3-3e154da4cc75/call-read_QC_trim/read_QC_trim/4e3d944b-3c7a-45c7-bbae-9a4c150fcb4e/call-bbduk/PMB0747125-lib4681_S2_L001_2.clean.fastq.gz	gs://fc-a564560f-e700-499e-a079-2c42374908d8/submissions/3176fe82-3e24-4ad1-990d-9c71f23a0dc3/freyja_fastq/196cc394-fc14-4916-a5a3-3e154da4cc75/call-read_QC_trim/read_QC_trim/4e3d944b-3c7a-45c7-bbae-9a4c150fcb4e/call-ncbi_scrub_pe/cacheCopy/PMB0747125-lib4681_S2_L001_R2_dehosted.fastq.gz	samtools 1.12	samtools 1.12	Trimmomatic 0.39
PMB0747126-lib4682_S3_L001	gs://fc-a564560f-e700-499e-a079-2c42374908d8/submissions/3176fe82-3e24-4ad1-990d-9c71f23a0dc3/freyja_fastq/7d0a67d4-e699-4bd6-88e6-9e7fc351b2f6/call-primer_trim/PMB0747126-lib4682_S3_L001.primertrim.sorted.bam.bai	gs://fc-a564560f-e700-499e-a079-2c42374908d8/submissions/3176fe82-3e24-4ad1-990d-9c71f23a0dc3/freyja_fastq/7d0a67d4-e699-4bd6-88e6-9e7fc351b2f6/call-primer_trim/PMB0747126-lib4682_S3_L001.primertrim.sorted.bam	BWA Version: 0.7.17-r1188; iVar version 1.3.1	quay.io/staphb/bbtools:38.76	BWA Version: 0.7.17-r1188	fastq-scan 0.4.4	freyja_usher_barcodes_20220309.csv	gs://fc-a564560f-e700-499e-a079-2c42374908d8/submissions/3176fe82-3e24-4ad1-990d-9c71f23a0dc3/freyja_fastq/7d0a67d4-e699-4bd6-88e6-9e7fc351b2f6/call-freyja/PMB0747126-lib4682_S3_L001_freyja_demixed.tsv	gs://fc-a564560f-e700-499e-a079-2c42374908d8/submissions/3176fe82-3e24-4ad1-990d-9c71f23a0dc3/freyja_fastq/7d0a67d4-e699-4bd6-88e6-9e7fc351b2f6/call-freyja/PMB0747126-lib4682_S3_L001_freyja_depths.tsv	7/30/2025	PHVG 2.3.2	freyja_lineage_metadata_20220215.json	gs://fc-a564560f-e700-499e-a079-2c42374908d8/submissions/3176fe82-3e24-4ad1-990d-9c71f23a0dc3/freyja_fastq/7d0a67d4-e699-4bd6-88e6-9e7fc351b2f6/call-freyja/PMB0747126-lib4682_S3_L001_freyja_variants.tsv	iVar version 1.3.1	0.11	0.1	gs://fc-a564560f-e700-499e-a079-2c42374908d8/submissions/3176fe82-3e24-4ad1-990d-9c71f23a0dc3/freyja_fastq/7d0a67d4-e699-4bd6-88e6-9e7fc351b2f6/call-read_QC_trim/read_QC_trim/0a05ba95-139a-4f90-9ae2-c29af4c1de4f/call-kraken2_raw/cacheCopy/PMB0747126-lib4682_S3_L001_kraken2_report.txt	gs://fc-a564560f-e700-499e-a079-2c42374908d8/submissions/3176fe82-3e24-4ad1-990d-9c71f23a0dc3/freyja_fastq/7d0a67d4-e699-4bd6-88e6-9e7fc351b2f6/call-read_QC_trim/read_QC_trim/0a05ba95-139a-4f90-9ae2-c29af4c1de4f/call-kraken2_dehosted/PMB0747126-lib4682_S3_L001_kraken2_report.txt	4.03	4.03	Kraken version 2.0.8-beta	87062	87062	87062	344842	344842	344842	V4_nCoV-2021.primer.bed	30.7	gs://fc-d989c87a-a5b0-4d03-97bd-602a5ee1637c/uploads/wastewater30-31/PMB0747126-lib4682_S3_L001_R1_001.fastq.gz	gs://fc-a564560f-e700-499e-a079-2c42374908d8/submissions/3176fe82-3e24-4ad1-990d-9c71f23a0dc3/freyja_fastq/7d0a67d4-e699-4bd6-88e6-9e7fc351b2f6/call-read_QC_trim/read_QC_trim/0a05ba95-139a-4f90-9ae2-c29af4c1de4f/call-bbduk/PMB0747126-lib4682_S3_L001_1.clean.fastq.gz	gs://fc-a564560f-e700-499e-a079-2c42374908d8/submissions/3176fe82-3e24-4ad1-990d-9c71f23a0dc3/freyja_fastq/7d0a67d4-e699-4bd6-88e6-9e7fc351b2f6/call-read_QC_trim/read_QC_trim/0a05ba95-139a-4f90-9ae2-c29af4c1de4f/call-ncbi_scrub_pe/cacheCopy/PMB0747126-lib4682_S3_L001_R1_dehosted.fastq.gz	gs://fc-d989c87a-a5b0-4d03-97bd-602a5ee1637c/uploads/wastewater30-31/PMB0747126-lib4682_S3_L001_R2_001.fastq.gz	gs://fc-a564560f-e700-499e-a079-2c42374908d8/submissions/3176fe82-3e24-4ad1-990d-9c71f23a0dc3/freyja_fastq/7d0a67d4-e699-4bd6-88e6-9e7fc351b2f6/call-read_QC_trim/read_QC_trim/0a05ba95-139a-4f90-9ae2-c29af4c1de4f/call-bbduk/PMB0747126-lib4682_S3_L001_2.clean.fastq.gz	gs://fc-a564560f-e700-499e-a079-2c42374908d8/submissions/3176fe82-3e24-4ad1-990d-9c71f23a0dc3/freyja_fastq/7d0a67d4-e699-4bd6-88e6-9e7fc351b2f6/call-read_QC_trim/read_QC_trim/0a05ba95-139a-4f90-9ae2-c29af4c1de4f/call-ncbi_scrub_pe/cacheCopy/PMB0747126-lib4682_S3_L001_R2_dehosted.fastq.gz	samtools 1.12	samtools 1.12	Trimmomatic 0.39
PMB0747130-lib4686_S7_L001	gs://fc-a564560f-e700-499e-a079-2c42374908d8/submissions/3176fe82-3e24-4ad1-990d-9c71f23a0dc3/freyja_fastq/53825028-7f22-4997-a854-4e63383d0ff1/call-primer_trim/PMB0747130-lib4686_S7_L001.primertrim.sorted.bam.bai	gs://fc-a564560f-e700-499e-a079-2c42374908d8/submissions/3176fe82-3e24-4ad1-990d-9c71f23a0dc3/freyja_fastq/53825028-7f22-4997-a854-4e63383d0ff1/call-primer_trim/PMB0747130-lib4686_S7_L001.primertrim.sorted.bam	BWA Version: 0.7.17-r1188; iVar version 1.3.1	quay.io/staphb/bbtools:38.76	BWA Version: 0.7.17-r1188	fastq-scan 0.4.4	freyja_usher_barcodes_20220309.csv	gs://fc-a564560f-e700-499e-a079-2c42374908d8/submissions/3176fe82-3e24-4ad1-990d-9c71f23a0dc3/freyja_fastq/53825028-7f22-4997-a854-4e63383d0ff1/call-freyja/PMB0747130-lib4686_S7_L001_freyja_demixed.tsv	gs://fc-a564560f-e700-499e-a079-2c42374908d8/submissions/3176fe82-3e24-4ad1-990d-9c71f23a0dc3/freyja_fastq/53825028-7f22-4997-a854-4e63383d0ff1/call-freyja/PMB0747130-lib4686_S7_L001_freyja_depths.tsv	7/30/2025	PHVG 2.3.2	freyja_lineage_metadata_20220215.json	gs://fc-a564560f-e700-499e-a079-2c42374908d8/submissions/3176fe82-3e24-4ad1-990d-9c71f23a0dc3/freyja_fastq/53825028-7f22-4997-a854-4e63383d0ff1/call-freyja/PMB0747130-lib4686_S7_L001_freyja_variants.tsv	iVar version 1.3.1	0.09	0.09	gs://fc-a564560f-e700-499e-a079-2c42374908d8/submissions/3176fe82-3e24-4ad1-990d-9c71f23a0dc3/freyja_fastq/53825028-7f22-4997-a854-4e63383d0ff1/call-read_QC_trim/read_QC_trim/41bc935f-7af8-468d-9d14-9a3afa2cb156/call-kraken2_raw/cacheCopy/PMB0747130-lib4686_S7_L001_kraken2_report.txt	gs://fc-a564560f-e700-499e-a079-2c42374908d8/submissions/3176fe82-3e24-4ad1-990d-9c71f23a0dc3/freyja_fastq/53825028-7f22-4997-a854-4e63383d0ff1/call-read_QC_trim/read_QC_trim/41bc935f-7af8-468d-9d14-9a3afa2cb156/call-kraken2_dehosted/PMB0747130-lib4686_S7_L001_kraken2_report.txt	20.45	20.45	Kraken version 2.0.8-beta	54312	54312	54312	214862	214862	214862	V4_nCoV-2021.primer.bed	29.04	gs://fc-d989c87a-a5b0-4d03-97bd-602a5ee1637c/uploads/wastewater30-31/PMB0747130-lib4686_S7_L001_R1_001.fastq.gz	gs://fc-a564560f-e700-499e-a079-2c42374908d8/submissions/3176fe82-3e24-4ad1-990d-9c71f23a0dc3/freyja_fastq/53825028-7f22-4997-a854-4e63383d0ff1/call-read_QC_trim/read_QC_trim/41bc935f-7af8-468d-9d14-9a3afa2cb156/call-bbduk/PMB0747130-lib4686_S7_L001_1.clean.fastq.gz	gs://fc-a564560f-e700-499e-a079-2c42374908d8/submissions/3176fe82-3e24-4ad1-990d-9c71f23a0dc3/freyja_fastq/53825028-7f22-4997-a854-4e63383d0ff1/call-read_QC_trim/read_QC_trim/41bc935f-7af8-468d-9d14-9a3afa2cb156/call-ncbi_scrub_pe/cacheCopy/PMB0747130-lib4686_S7_L001_R1_dehosted.fastq.gz	gs://fc-d989c87a-a5b0-4d03-97bd-602a5ee1637c/uploads/wastewater30-31/PMB0747130-lib4686_S7_L001_R2_001.fastq.gz	gs://fc-a564560f-e700-499e-a079-2c42374908d8/submissions/3176fe82-3e24-4ad1-990d-9c71f23a0dc3/freyja_fastq/53825028-7f22-4997-a854-4e63383d0ff1/call-read_QC_trim/read_QC_trim/41bc935f-7af8-468d-9d14-9a3afa2cb156/call-bbduk/PMB0747130-lib4686_S7_L001_2.clean.fastq.gz	gs://fc-a564560f-e700-499e-a079-2c42374908d8/submissions/3176fe82-3e24-4ad1-990d-9c71f23a0dc3/freyja_fastq/53825028-7f22-4997-a854-4e63383d0ff1/call-read_QC_trim/read_QC_trim/41bc935f-7af8-468d-9d14-9a3afa2cb156/call-ncbi_scrub_pe/cacheCopy/PMB0747130-lib4686_S7_L001_R2_dehosted.fastq.gz	samtools 1.12	samtools 1.12	Trimmomatic 0.39
PMB0747131-lib4687_S8_L001	gs://fc-a564560f-e700-499e-a079-2c42374908d8/submissions/3176fe82-3e24-4ad1-990d-9c71f23a0dc3/freyja_fastq/869e7e3b-2224-47b6-b677-b27ea7508539/call-primer_trim/PMB0747131-lib4687_S8_L001.primertrim.sorted.bam.bai	gs://fc-a564560f-e700-499e-a079-2c42374908d8/submissions/3176fe82-3e24-4ad1-990d-9c71f23a0dc3/freyja_fastq/869e7e3b-2224-47b6-b677-b27ea7508539/call-primer_trim/PMB0747131-lib4687_S8_L001.primertrim.sorted.bam	BWA Version: 0.7.17-r1188; iVar version 1.3.1	quay.io/staphb/bbtools:38.76	BWA Version: 0.7.17-r1188	fastq-scan 0.4.4	freyja_usher_barcodes_20220309.csv	gs://fc-a564560f-e700-499e-a079-2c42374908d8/submissions/3176fe82-3e24-4ad1-990d-9c71f23a0dc3/freyja_fastq/869e7e3b-2224-47b6-b677-b27ea7508539/call-freyja/PMB0747131-lib4687_S8_L001_freyja_demixed.tsv	gs://fc-a564560f-e700-499e-a079-2c42374908d8/submissions/3176fe82-3e24-4ad1-990d-9c71f23a0dc3/freyja_fastq/869e7e3b-2224-47b6-b677-b27ea7508539/call-freyja/PMB0747131-lib4687_S8_L001_freyja_depths.tsv	7/30/2025	PHVG 2.3.2	freyja_lineage_metadata_20220215.json	gs://fc-a564560f-e700-499e-a079-2c42374908d8/submissions/3176fe82-3e24-4ad1-990d-9c71f23a0dc3/freyja_fastq/869e7e3b-2224-47b6-b677-b27ea7508539/call-freyja/PMB0747131-lib4687_S8_L001_freyja_variants.tsv	iVar version 1.3.1	0.59	0.56	gs://fc-a564560f-e700-499e-a079-2c42374908d8/submissions/3176fe82-3e24-4ad1-990d-9c71f23a0dc3/freyja_fastq/869e7e3b-2224-47b6-b677-b27ea7508539/call-read_QC_trim/read_QC_trim/b804c91f-8a24-4357-b99a-948ea32d6247/call-kraken2_raw/cacheCopy/PMB0747131-lib4687_S8_L001_kraken2_report.txt	gs://fc-a564560f-e700-499e-a079-2c42374908d8/submissions/3176fe82-3e24-4ad1-990d-9c71f23a0dc3/freyja_fastq/869e7e3b-2224-47b6-b677-b27ea7508539/call-read_QC_trim/read_QC_trim/b804c91f-8a24-4357-b99a-948ea32d6247/call-kraken2_dehosted/PMB0747131-lib4687_S8_L001_kraken2_report.txt	1.41	1.41	Kraken version 2.0.8-beta	92828	92828	92828	392829	392829	392829	V4_nCoV-2021.primer.bed	31.03	gs://fc-d989c87a-a5b0-4d03-97bd-602a5ee1637c/uploads/wastewater30-31/PMB0747131-lib4687_S8_L001_R1_001.fastq.gz	gs://fc-a564560f-e700-499e-a079-2c42374908d8/submissions/3176fe82-3e24-4ad1-990d-9c71f23a0dc3/freyja_fastq/869e7e3b-2224-47b6-b677-b27ea7508539/call-read_QC_trim/read_QC_trim/b804c91f-8a24-4357-b99a-948ea32d6247/call-bbduk/PMB0747131-lib4687_S8_L001_1.clean.fastq.gz	gs://fc-a564560f-e700-499e-a079-2c42374908d8/submissions/3176fe82-3e24-4ad1-990d-9c71f23a0dc3/freyja_fastq/869e7e3b-2224-47b6-b677-b27ea7508539/call-read_QC_trim/read_QC_trim/b804c91f-8a24-4357-b99a-948ea32d6247/call-ncbi_scrub_pe/cacheCopy/PMB0747131-lib4687_S8_L001_R1_dehosted.fastq.gz	gs://fc-d989c87a-a5b0-4d03-97bd-602a5ee1637c/uploads/wastewater30-31/PMB0747131-lib4687_S8_L001_R2_001.fastq.gz	gs://fc-a564560f-e700-499e-a079-2c42374908d8/submissions/3176fe82-3e24-4ad1-990d-9c71f23a0dc3/freyja_fastq/869e7e3b-2224-47b6-b677-b27ea7508539/call-read_QC_trim/read_QC_trim/b804c91f-8a24-4357-b99a-948ea32d6247/call-bbduk/PMB0747131-lib4687_S8_L001_2.clean.fastq.gz	gs://fc-a564560f-e700-499e-a079-2c42374908d8/submissions/3176fe82-3e24-4ad1-990d-9c71f23a0dc3/freyja_fastq/869e7e3b-2224-47b6-b677-b27ea7508539/call-read_QC_trim/read_QC_trim/b804c91f-8a24-4357-b99a-948ea32d6247/call-ncbi_scrub_pe/cacheCopy/PMB0747131-lib4687_S8_L001_R2_dehosted.fastq.gz	samtools 1.12	samtools 1.12	Trimmomatic 0.39
PMB0747132-lib4688_S9_L001	gs://fc-a564560f-e700-499e-a079-2c42374908d8/submissions/3176fe82-3e24-4ad1-990d-9c71f23a0dc3/freyja_fastq/9a285896-1ae7-43ea-a59d-0080cb78ef19/call-primer_trim/PMB0747132-lib4688_S9_L001.primertrim.sorted.bam.bai	gs://fc-a564560f-e700-499e-a079-2c42374908d8/submissions/3176fe82-3e24-4ad1-990d-9c71f23a0dc3/freyja_fastq/9a285896-1ae7-43ea-a59d-0080cb78ef19/call-primer_trim/PMB0747132-lib4688_S9_L001.primertrim.sorted.bam	BWA Version: 0.7.17-r1188; iVar version 1.3.1	quay.io/staphb/bbtools:38.76	BWA Version: 0.7.17-r1188	fastq-scan 0.4.4	freyja_usher_barcodes_20220309.csv	gs://fc-a564560f-e700-499e-a079-2c42374908d8/submissions/3176fe82-3e24-4ad1-990d-9c71f23a0dc3/freyja_fastq/9a285896-1ae7-43ea-a59d-0080cb78ef19/call-freyja/PMB0747132-lib4688_S9_L001_freyja_demixed.tsv	gs://fc-a564560f-e700-499e-a079-2c42374908d8/submissions/3176fe82-3e24-4ad1-990d-9c71f23a0dc3/freyja_fastq/9a285896-1ae7-43ea-a59d-0080cb78ef19/call-freyja/PMB0747132-lib4688_S9_L001_freyja_depths.tsv	7/30/2025	PHVG 2.3.2	freyja_lineage_metadata_20220215.json	gs://fc-a564560f-e700-499e-a079-2c42374908d8/submissions/3176fe82-3e24-4ad1-990d-9c71f23a0dc3/freyja_fastq/9a285896-1ae7-43ea-a59d-0080cb78ef19/call-freyja/PMB0747132-lib4688_S9_L001_freyja_variants.tsv	iVar version 1.3.1	0.47	0.42	gs://fc-a564560f-e700-499e-a079-2c42374908d8/submissions/3176fe82-3e24-4ad1-990d-9c71f23a0dc3/freyja_fastq/9a285896-1ae7-43ea-a59d-0080cb78ef19/call-read_QC_trim/read_QC_trim/67703a6d-bf9a-4304-923b-3b721fcf2767/call-kraken2_raw/cacheCopy/PMB0747132-lib4688_S9_L001_kraken2_report.txt	gs://fc-a564560f-e700-499e-a079-2c42374908d8/submissions/3176fe82-3e24-4ad1-990d-9c71f23a0dc3/freyja_fastq/9a285896-1ae7-43ea-a59d-0080cb78ef19/call-read_QC_trim/read_QC_trim/67703a6d-bf9a-4304-923b-3b721fcf2767/call-kraken2_dehosted/PMB0747132-lib4688_S9_L001_kraken2_report.txt	0.37	0.37	Kraken version 2.0.8-beta	87535	87535	87535	481339	481339	481339	V4_nCoV-2021.primer.bed	35.6	gs://fc-d989c87a-a5b0-4d03-97bd-602a5ee1637c/uploads/wastewater30-31/PMB0747132-lib4688_S9_L001_R1_001.fastq.gz	gs://fc-a564560f-e700-499e-a079-2c42374908d8/submissions/3176fe82-3e24-4ad1-990d-9c71f23a0dc3/freyja_fastq/9a285896-1ae7-43ea-a59d-0080cb78ef19/call-read_QC_trim/read_QC_trim/67703a6d-bf9a-4304-923b-3b721fcf2767/call-bbduk/PMB0747132-lib4688_S9_L001_1.clean.fastq.gz	gs://fc-a564560f-e700-499e-a079-2c42374908d8/submissions/3176fe82-3e24-4ad1-990d-9c71f23a0dc3/freyja_fastq/9a285896-1ae7-43ea-a59d-0080cb78ef19/call-read_QC_trim/read_QC_trim/67703a6d-bf9a-4304-923b-3b721fcf2767/call-ncbi_scrub_pe/cacheCopy/PMB0747132-lib4688_S9_L001_R1_dehosted.fastq.gz	gs://fc-d989c87a-a5b0-4d03-97bd-602a5ee1637c/uploads/wastewater30-31/PMB0747132-lib4688_S9_L001_R2_001.fastq.gz	gs://fc-a564560f-e700-499e-a079-2c42374908d8/submissions/3176fe82-3e24-4ad1-990d-9c71f23a0dc3/freyja_fastq/9a285896-1ae7-43ea-a59d-0080cb78ef19/call-read_QC_trim/read_QC_trim/67703a6d-bf9a-4304-923b-3b721fcf2767/call-bbduk/PMB0747132-lib4688_S9_L001_2.clean.fastq.gz	gs://fc-a564560f-e700-499e-a079-2c42374908d8/submissions/3176fe82-3e24-4ad1-990d-9c71f23a0dc3/freyja_fastq/9a285896-1ae7-43ea-a59d-0080cb78ef19/call-read_QC_trim/read_QC_trim/67703a6d-bf9a-4304-923b-3b721fcf2767/call-ncbi_scrub_pe/cacheCopy/PMB0747132-lib4688_S9_L001_R2_dehosted.fastq.gz	samtools 1.12	samtools 1.12	Trimmomatic 0.39
PMB0748173-lib4689_S10_L001	gs://fc-a564560f-e700-499e-a079-2c42374908d8/submissions/3176fe82-3e24-4ad1-990d-9c71f23a0dc3/freyja_fastq/46adfae0-4d58-4601-a908-92e3945da53f/call-primer_trim/PMB0748173-lib4689_S10_L001.primertrim.sorted.bam.bai	gs://fc-a564560f-e700-499e-a079-2c42374908d8/submissions/3176fe82-3e24-4ad1-990d-9c71f23a0dc3/freyja_fastq/46adfae0-4d58-4601-a908-92e3945da53f/call-primer_trim/PMB0748173-lib4689_S10_L001.primertrim.sorted.bam	BWA Version: 0.7.17-r1188; iVar version 1.3.1	quay.io/staphb/bbtools:38.76	BWA Version: 0.7.17-r1188	fastq-scan 0.4.4	freyja_usher_barcodes_20220309.csv	gs://fc-a564560f-e700-499e-a079-2c42374908d8/submissions/3176fe82-3e24-4ad1-990d-9c71f23a0dc3/freyja_fastq/46adfae0-4d58-4601-a908-92e3945da53f/call-freyja/PMB0748173-lib4689_S10_L001_freyja_demixed.tsv	gs://fc-a564560f-e700-499e-a079-2c42374908d8/submissions/3176fe82-3e24-4ad1-990d-9c71f23a0dc3/freyja_fastq/46adfae0-4d58-4601-a908-92e3945da53f/call-freyja/PMB0748173-lib4689_S10_L001_freyja_depths.tsv	7/30/2025	PHVG 2.3.2	freyja_lineage_metadata_20220215.json	gs://fc-a564560f-e700-499e-a079-2c42374908d8/submissions/3176fe82-3e24-4ad1-990d-9c71f23a0dc3/freyja_fastq/46adfae0-4d58-4601-a908-92e3945da53f/call-freyja/PMB0748173-lib4689_S10_L001_freyja_variants.tsv	iVar version 1.3.1	0.2	0.19	gs://fc-a564560f-e700-499e-a079-2c42374908d8/submissions/3176fe82-3e24-4ad1-990d-9c71f23a0dc3/freyja_fastq/46adfae0-4d58-4601-a908-92e3945da53f/call-read_QC_trim/read_QC_trim/e339262b-882d-4880-99a7-935c26b38a29/call-kraken2_raw/cacheCopy/PMB0748173-lib4689_S10_L001_kraken2_report.txt	gs://fc-a564560f-e700-499e-a079-2c42374908d8/submissions/3176fe82-3e24-4ad1-990d-9c71f23a0dc3/freyja_fastq/46adfae0-4d58-4601-a908-92e3945da53f/call-read_QC_trim/read_QC_trim/e339262b-882d-4880-99a7-935c26b38a29/call-kraken2_dehosted/PMB0748173-lib4689_S10_L001_kraken2_report.txt	0.6	0.6	Kraken version 2.0.8-beta	30477	30477	30477	147361	147361	147361	V4_nCoV-2021.primer.bed	49.02	gs://fc-d989c87a-a5b0-4d03-97bd-602a5ee1637c/uploads/wastewater30-31/PMB0748173-lib4689_S10_L001_R1_001.fastq.gz	gs://fc-a564560f-e700-499e-a079-2c42374908d8/submissions/3176fe82-3e24-4ad1-990d-9c71f23a0dc3/freyja_fastq/46adfae0-4d58-4601-a908-92e3945da53f/call-read_QC_trim/read_QC_trim/e339262b-882d-4880-99a7-935c26b38a29/call-bbduk/PMB0748173-lib4689_S10_L001_1.clean.fastq.gz	gs://fc-a564560f-e700-499e-a079-2c42374908d8/submissions/3176fe82-3e24-4ad1-990d-9c71f23a0dc3/freyja_fastq/46adfae0-4d58-4601-a908-92e3945da53f/call-read_QC_trim/read_QC_trim/e339262b-882d-4880-99a7-935c26b38a29/call-ncbi_scrub_pe/cacheCopy/PMB0748173-lib4689_S10_L001_R1_dehosted.fastq.gz	gs://fc-d989c87a-a5b0-4d03-97bd-602a5ee1637c/uploads/wastewater30-31/PMB0748173-lib4689_S10_L001_R2_001.fastq.gz	gs://fc-a564560f-e700-499e-a079-2c42374908d8/submissions/3176fe82-3e24-4ad1-990d-9c71f23a0dc3/freyja_fastq/46adfae0-4d58-4601-a908-92e3945da53f/call-read_QC_trim/read_QC_trim/e339262b-882d-4880-99a7-935c26b38a29/call-bbduk/PMB0748173-lib4689_S10_L001_2.clean.fastq.gz	gs://fc-a564560f-e700-499e-a079-2c42374908d8/submissions/3176fe82-3e24-4ad1-990d-9c71f23a0dc3/freyja_fastq/46adfae0-4d58-4601-a908-92e3945da53f/call-read_QC_trim/read_QC_trim/e339262b-882d-4880-99a7-935c26b38a29/call-ncbi_scrub_pe/cacheCopy/PMB0748173-lib4689_S10_L001_R2_dehosted.fastq.gz	samtools 1.12	samtools 1.12	Trimmomatic 0.39
PMB0748174-lib4690_S11_L001	gs://fc-a564560f-e700-499e-a079-2c42374908d8/submissions/3176fe82-3e24-4ad1-990d-9c71f23a0dc3/freyja_fastq/542cd3dc-6fef-43fe-ae8f-ae55ee97abcb/call-primer_trim/PMB0748174-lib4690_S11_L001.primertrim.sorted.bam.bai	gs://fc-a564560f-e700-499e-a079-2c42374908d8/submissions/3176fe82-3e24-4ad1-990d-9c71f23a0dc3/freyja_fastq/542cd3dc-6fef-43fe-ae8f-ae55ee97abcb/call-primer_trim/PMB0748174-lib4690_S11_L001.primertrim.sorted.bam	BWA Version: 0.7.17-r1188; iVar version 1.3.1	quay.io/staphb/bbtools:38.76	BWA Version: 0.7.17-r1188	fastq-scan 0.4.4	freyja_usher_barcodes_20220309.csv	gs://fc-a564560f-e700-499e-a079-2c42374908d8/submissions/3176fe82-3e24-4ad1-990d-9c71f23a0dc3/freyja_fastq/542cd3dc-6fef-43fe-ae8f-ae55ee97abcb/call-freyja/PMB0748174-lib4690_S11_L001_freyja_demixed.tsv	gs://fc-a564560f-e700-499e-a079-2c42374908d8/submissions/3176fe82-3e24-4ad1-990d-9c71f23a0dc3/freyja_fastq/542cd3dc-6fef-43fe-ae8f-ae55ee97abcb/call-freyja/PMB0748174-lib4690_S11_L001_freyja_depths.tsv	7/30/2025	PHVG 2.3.2	freyja_lineage_metadata_20220215.json	gs://fc-a564560f-e700-499e-a079-2c42374908d8/submissions/3176fe82-3e24-4ad1-990d-9c71f23a0dc3/freyja_fastq/542cd3dc-6fef-43fe-ae8f-ae55ee97abcb/call-freyja/PMB0748174-lib4690_S11_L001_freyja_variants.tsv	iVar version 1.3.1	0.11	0.11	gs://fc-a564560f-e700-499e-a079-2c42374908d8/submissions/3176fe82-3e24-4ad1-990d-9c71f23a0dc3/freyja_fastq/542cd3dc-6fef-43fe-ae8f-ae55ee97abcb/call-read_QC_trim/read_QC_trim/76c340e9-2eac-4df1-8c78-279872685f89/call-kraken2_raw/cacheCopy/PMB0748174-lib4690_S11_L001_kraken2_report.txt	gs://fc-a564560f-e700-499e-a079-2c42374908d8/submissions/3176fe82-3e24-4ad1-990d-9c71f23a0dc3/freyja_fastq/542cd3dc-6fef-43fe-ae8f-ae55ee97abcb/call-read_QC_trim/read_QC_trim/76c340e9-2eac-4df1-8c78-279872685f89/call-kraken2_dehosted/PMB0748174-lib4690_S11_L001_kraken2_report.txt	4.63	4.63	Kraken version 2.0.8-beta	87681	87681	87681	349741	349741	349741	V4_nCoV-2021.primer.bed	24.59	gs://fc-d989c87a-a5b0-4d03-97bd-602a5ee1637c/uploads/wastewater30-31/PMB0748174-lib4690_S11_L001_R1_001.fastq.gz	gs://fc-a564560f-e700-499e-a079-2c42374908d8/submissions/3176fe82-3e24-4ad1-990d-9c71f23a0dc3/freyja_fastq/542cd3dc-6fef-43fe-ae8f-ae55ee97abcb/call-read_QC_trim/read_QC_trim/76c340e9-2eac-4df1-8c78-279872685f89/call-bbduk/PMB0748174-lib4690_S11_L001_1.clean.fastq.gz	gs://fc-a564560f-e700-499e-a079-2c42374908d8/submissions/3176fe82-3e24-4ad1-990d-9c71f23a0dc3/freyja_fastq/542cd3dc-6fef-43fe-ae8f-ae55ee97abcb/call-read_QC_trim/read_QC_trim/76c340e9-2eac-4df1-8c78-279872685f89/call-ncbi_scrub_pe/cacheCopy/PMB0748174-lib4690_S11_L001_R1_dehosted.fastq.gz	gs://fc-d989c87a-a5b0-4d03-97bd-602a5ee1637c/uploads/wastewater30-31/PMB0748174-lib4690_S11_L001_R2_001.fastq.gz	gs://fc-a564560f-e700-499e-a079-2c42374908d8/submissions/3176fe82-3e24-4ad1-990d-9c71f23a0dc3/freyja_fastq/542cd3dc-6fef-43fe-ae8f-ae55ee97abcb/call-read_QC_trim/read_QC_trim/76c340e9-2eac-4df1-8c78-279872685f89/call-bbduk/PMB0748174-lib4690_S11_L001_2.clean.fastq.gz	gs://fc-a564560f-e700-499e-a079-2c42374908d8/submissions/3176fe82-3e24-4ad1-990d-9c71f23a0dc3/freyja_fastq/542cd3dc-6fef-43fe-ae8f-ae55ee97abcb/call-read_QC_trim/read_QC_trim/76c340e9-2eac-4df1-8c78-279872685f89/call-ncbi_scrub_pe/cacheCopy/PMB0748174-lib4690_S11_L001_R2_dehosted.fastq.gz	samtools 1.12	samtools 1.12	Trimmomatic 0.39
PMB0748175-lib4691_S12_L001	gs://fc-a564560f-e700-499e-a079-2c42374908d8/submissions/3176fe82-3e24-4ad1-990d-9c71f23a0dc3/freyja_fastq/85f3262c-f4a5-449e-aca1-da94dfb7286d/call-primer_trim/PMB0748175-lib4691_S12_L001.primertrim.sorted.bam.bai	gs://fc-a564560f-e700-499e-a079-2c42374908d8/submissions/3176fe82-3e24-4ad1-990d-9c71f23a0dc3/freyja_fastq/85f3262c-f4a5-449e-aca1-da94dfb7286d/call-primer_trim/PMB0748175-lib4691_S12_L001.primertrim.sorted.bam	BWA Version: 0.7.17-r1188; iVar version 1.3.1	quay.io/staphb/bbtools:38.76	BWA Version: 0.7.17-r1188	fastq-scan 0.4.4	freyja_usher_barcodes_20220309.csv	gs://fc-a564560f-e700-499e-a079-2c42374908d8/submissions/3176fe82-3e24-4ad1-990d-9c71f23a0dc3/freyja_fastq/85f3262c-f4a5-449e-aca1-da94dfb7286d/call-freyja/PMB0748175-lib4691_S12_L001_freyja_demixed.tsv	gs://fc-a564560f-e700-499e-a079-2c42374908d8/submissions/3176fe82-3e24-4ad1-990d-9c71f23a0dc3/freyja_fastq/85f3262c-f4a5-449e-aca1-da94dfb7286d/call-freyja/PMB0748175-lib4691_S12_L001_freyja_depths.tsv	7/30/2025	PHVG 2.3.2	freyja_lineage_metadata_20220215.json	gs://fc-a564560f-e700-499e-a079-2c42374908d8/submissions/3176fe82-3e24-4ad1-990d-9c71f23a0dc3/freyja_fastq/85f3262c-f4a5-449e-aca1-da94dfb7286d/call-freyja/PMB0748175-lib4691_S12_L001_freyja_variants.tsv	iVar version 1.3.1	0.26	0.26	gs://fc-a564560f-e700-499e-a079-2c42374908d8/submissions/3176fe82-3e24-4ad1-990d-9c71f23a0dc3/freyja_fastq/85f3262c-f4a5-449e-aca1-da94dfb7286d/call-read_QC_trim/read_QC_trim/3c780430-2292-4eb0-b334-0d8ee99ca37c/call-kraken2_raw/cacheCopy/PMB0748175-lib4691_S12_L001_kraken2_report.txt	gs://fc-a564560f-e700-499e-a079-2c42374908d8/submissions/3176fe82-3e24-4ad1-990d-9c71f23a0dc3/freyja_fastq/85f3262c-f4a5-449e-aca1-da94dfb7286d/call-read_QC_trim/read_QC_trim/3c780430-2292-4eb0-b334-0d8ee99ca37c/call-kraken2_dehosted/PMB0748175-lib4691_S12_L001_kraken2_report.txt	6.92	6.92	Kraken version 2.0.8-beta	59648	59648	59648	310410	310410	310410	V4_nCoV-2021.primer.bed	29.42	gs://fc-d989c87a-a5b0-4d03-97bd-602a5ee1637c/uploads/wastewater30-31/PMB0748175-lib4691_S12_L001_R1_001.fastq.gz	gs://fc-a564560f-e700-499e-a079-2c42374908d8/submissions/3176fe82-3e24-4ad1-990d-9c71f23a0dc3/freyja_fastq/85f3262c-f4a5-449e-aca1-da94dfb7286d/call-read_QC_trim/read_QC_trim/3c780430-2292-4eb0-b334-0d8ee99ca37c/call-bbduk/PMB0748175-lib4691_S12_L001_1.clean.fastq.gz	gs://fc-a564560f-e700-499e-a079-2c42374908d8/submissions/3176fe82-3e24-4ad1-990d-9c71f23a0dc3/freyja_fastq/85f3262c-f4a5-449e-aca1-da94dfb7286d/call-read_QC_trim/read_QC_trim/3c780430-2292-4eb0-b334-0d8ee99ca37c/call-ncbi_scrub_pe/cacheCopy/PMB0748175-lib4691_S12_L001_R1_dehosted.fastq.gz	gs://fc-d989c87a-a5b0-4d03-97bd-602a5ee1637c/uploads/wastewater30-31/PMB0748175-lib4691_S12_L001_R2_001.fastq.gz	gs://fc-a564560f-e700-499e-a079-2c42374908d8/submissions/3176fe82-3e24-4ad1-990d-9c71f23a0dc3/freyja_fastq/85f3262c-f4a5-449e-aca1-da94dfb7286d/call-read_QC_trim/read_QC_trim/3c780430-2292-4eb0-b334-0d8ee99ca37c/call-bbduk/PMB0748175-lib4691_S12_L001_2.clean.fastq.gz	gs://fc-a564560f-e700-499e-a079-2c42374908d8/submissions/3176fe82-3e24-4ad1-990d-9c71f23a0dc3/freyja_fastq/85f3262c-f4a5-449e-aca1-da94dfb7286d/call-read_QC_trim/read_QC_trim/3c780430-2292-4eb0-b334-0d8ee99ca37c/call-ncbi_scrub_pe/cacheCopy/PMB0748175-lib4691_S12_L001_R2_dehosted.fastq.gz	samtools 1.12	samtools 1.12	Trimmomatic 0.39
PMB0748176-lib4692_S13_L001	gs://fc-a564560f-e700-499e-a079-2c42374908d8/submissions/3176fe82-3e24-4ad1-990d-9c71f23a0dc3/freyja_fastq/1ebde20e-23c1-4ccd-bb9c-5f8f8e0944d0/call-primer_trim/PMB0748176-lib4692_S13_L001.primertrim.sorted.bam.bai	gs://fc-a564560f-e700-499e-a079-2c42374908d8/submissions/3176fe82-3e24-4ad1-990d-9c71f23a0dc3/freyja_fastq/1ebde20e-23c1-4ccd-bb9c-5f8f8e0944d0/call-primer_trim/PMB0748176-lib4692_S13_L001.primertrim.sorted.bam	BWA Version: 0.7.17-r1188; iVar version 1.3.1	quay.io/staphb/bbtools:38.76	BWA Version: 0.7.17-r1188	fastq-scan 0.4.4	freyja_usher_barcodes_20220309.csv	gs://fc-a564560f-e700-499e-a079-2c42374908d8/submissions/3176fe82-3e24-4ad1-990d-9c71f23a0dc3/freyja_fastq/1ebde20e-23c1-4ccd-bb9c-5f8f8e0944d0/call-freyja/PMB0748176-lib4692_S13_L001_freyja_demixed.tsv	gs://fc-a564560f-e700-499e-a079-2c42374908d8/submissions/3176fe82-3e24-4ad1-990d-9c71f23a0dc3/freyja_fastq/1ebde20e-23c1-4ccd-bb9c-5f8f8e0944d0/call-freyja/PMB0748176-lib4692_S13_L001_freyja_depths.tsv	7/30/2025	PHVG 2.3.2	freyja_lineage_metadata_20220215.json	gs://fc-a564560f-e700-499e-a079-2c42374908d8/submissions/3176fe82-3e24-4ad1-990d-9c71f23a0dc3/freyja_fastq/1ebde20e-23c1-4ccd-bb9c-5f8f8e0944d0/call-freyja/PMB0748176-lib4692_S13_L001_freyja_variants.tsv	iVar version 1.3.1	0.15	0.15	gs://fc-a564560f-e700-499e-a079-2c42374908d8/submissions/3176fe82-3e24-4ad1-990d-9c71f23a0dc3/freyja_fastq/1ebde20e-23c1-4ccd-bb9c-5f8f8e0944d0/call-read_QC_trim/read_QC_trim/2abe982d-bd0f-4bec-b2fe-4903248998ef/call-kraken2_raw/cacheCopy/PMB0748176-lib4692_S13_L001_kraken2_report.txt	gs://fc-a564560f-e700-499e-a079-2c42374908d8/submissions/3176fe82-3e24-4ad1-990d-9c71f23a0dc3/freyja_fastq/1ebde20e-23c1-4ccd-bb9c-5f8f8e0944d0/call-read_QC_trim/read_QC_trim/2abe982d-bd0f-4bec-b2fe-4903248998ef/call-kraken2_dehosted/PMB0748176-lib4692_S13_L001_kraken2_report.txt	7.13	7.13	Kraken version 2.0.8-beta	68511	68511	68511	312449	312449	312449	V4_nCoV-2021.primer.bed	30.76	gs://fc-d989c87a-a5b0-4d03-97bd-602a5ee1637c/uploads/wastewater30-31/PMB0748176-lib4692_S13_L001_R1_001.fastq.gz	gs://fc-a564560f-e700-499e-a079-2c42374908d8/submissions/3176fe82-3e24-4ad1-990d-9c71f23a0dc3/freyja_fastq/1ebde20e-23c1-4ccd-bb9c-5f8f8e0944d0/call-read_QC_trim/read_QC_trim/2abe982d-bd0f-4bec-b2fe-4903248998ef/call-bbduk/PMB0748176-lib4692_S13_L001_1.clean.fastq.gz	gs://fc-a564560f-e700-499e-a079-2c42374908d8/submissions/3176fe82-3e24-4ad1-990d-9c71f23a0dc3/freyja_fastq/1ebde20e-23c1-4ccd-bb9c-5f8f8e0944d0/call-read_QC_trim/read_QC_trim/2abe982d-bd0f-4bec-b2fe-4903248998ef/call-ncbi_scrub_pe/cacheCopy/PMB0748176-lib4692_S13_L001_R1_dehosted.fastq.gz	gs://fc-d989c87a-a5b0-4d03-97bd-602a5ee1637c/uploads/wastewater30-31/PMB0748176-lib4692_S13_L001_R2_001.fastq.gz	gs://fc-a564560f-e700-499e-a079-2c42374908d8/submissions/3176fe82-3e24-4ad1-990d-9c71f23a0dc3/freyja_fastq/1ebde20e-23c1-4ccd-bb9c-5f8f8e0944d0/call-read_QC_trim/read_QC_trim/2abe982d-bd0f-4bec-b2fe-4903248998ef/call-bbduk/PMB0748176-lib4692_S13_L001_2.clean.fastq.gz	gs://fc-a564560f-e700-499e-a079-2c42374908d8/submissions/3176fe82-3e24-4ad1-990d-9c71f23a0dc3/freyja_fastq/1ebde20e-23c1-4ccd-bb9c-5f8f8e0944d0/call-read_QC_trim/read_QC_trim/2abe982d-bd0f-4bec-b2fe-4903248998ef/call-ncbi_scrub_pe/cacheCopy/PMB0748176-lib4692_S13_L001_R2_dehosted.fastq.gz	samtools 1.12	samtools 1.12	Trimmomatic 0.39
PMB0748177-lib4693_S14_L001	gs://fc-a564560f-e700-499e-a079-2c42374908d8/submissions/3176fe82-3e24-4ad1-990d-9c71f23a0dc3/freyja_fastq/5972b480-8249-4d40-8388-6fda940ee813/call-primer_trim/PMB0748177-lib4693_S14_L001.primertrim.sorted.bam.bai	gs://fc-a564560f-e700-499e-a079-2c42374908d8/submissions/3176fe82-3e24-4ad1-990d-9c71f23a0dc3/freyja_fastq/5972b480-8249-4d40-8388-6fda940ee813/call-primer_trim/PMB0748177-lib4693_S14_L001.primertrim.sorted.bam	BWA Version: 0.7.17-r1188; iVar version 1.3.1	quay.io/staphb/bbtools:38.76	BWA Version: 0.7.17-r1188	fastq-scan 0.4.4	freyja_usher_barcodes_20220309.csv	gs://fc-a564560f-e700-499e-a079-2c42374908d8/submissions/3176fe82-3e24-4ad1-990d-9c71f23a0dc3/freyja_fastq/5972b480-8249-4d40-8388-6fda940ee813/call-freyja/PMB0748177-lib4693_S14_L001_freyja_demixed.tsv	gs://fc-a564560f-e700-499e-a079-2c42374908d8/submissions/3176fe82-3e24-4ad1-990d-9c71f23a0dc3/freyja_fastq/5972b480-8249-4d40-8388-6fda940ee813/call-freyja/PMB0748177-lib4693_S14_L001_freyja_depths.tsv	7/30/2025	PHVG 2.3.2	freyja_lineage_metadata_20220215.json	gs://fc-a564560f-e700-499e-a079-2c42374908d8/submissions/3176fe82-3e24-4ad1-990d-9c71f23a0dc3/freyja_fastq/5972b480-8249-4d40-8388-6fda940ee813/call-freyja/PMB0748177-lib4693_S14_L001_freyja_variants.tsv	iVar version 1.3.1	0.55	0.27	gs://fc-a564560f-e700-499e-a079-2c42374908d8/submissions/3176fe82-3e24-4ad1-990d-9c71f23a0dc3/freyja_fastq/5972b480-8249-4d40-8388-6fda940ee813/call-read_QC_trim/read_QC_trim/b8b2314a-a62e-4481-a100-a6fc07e32d47/call-kraken2_raw/cacheCopy/PMB0748177-lib4693_S14_L001_kraken2_report.txt	gs://fc-a564560f-e700-499e-a079-2c42374908d8/submissions/3176fe82-3e24-4ad1-990d-9c71f23a0dc3/freyja_fastq/5972b480-8249-4d40-8388-6fda940ee813/call-read_QC_trim/read_QC_trim/b8b2314a-a62e-4481-a100-a6fc07e32d47/call-kraken2_dehosted/PMB0748177-lib4693_S14_L001_kraken2_report.txt	18.26	18.26	Kraken version 2.0.8-beta	16213	16213	16213	73056	73056	73056	V4_nCoV-2021.primer.bed	23.83	gs://fc-d989c87a-a5b0-4d03-97bd-602a5ee1637c/uploads/wastewater30-31/PMB0748177-lib4693_S14_L001_R1_001.fastq.gz	gs://fc-a564560f-e700-499e-a079-2c42374908d8/submissions/3176fe82-3e24-4ad1-990d-9c71f23a0dc3/freyja_fastq/5972b480-8249-4d40-8388-6fda940ee813/call-read_QC_trim/read_QC_trim/b8b2314a-a62e-4481-a100-a6fc07e32d47/call-bbduk/PMB0748177-lib4693_S14_L001_1.clean.fastq.gz	gs://fc-a564560f-e700-499e-a079-2c42374908d8/submissions/3176fe82-3e24-4ad1-990d-9c71f23a0dc3/freyja_fastq/5972b480-8249-4d40-8388-6fda940ee813/call-read_QC_trim/read_QC_trim/b8b2314a-a62e-4481-a100-a6fc07e32d47/call-ncbi_scrub_pe/cacheCopy/PMB0748177-lib4693_S14_L001_R1_dehosted.fastq.gz	gs://fc-d989c87a-a5b0-4d03-97bd-602a5ee1637c/uploads/wastewater30-31/PMB0748177-lib4693_S14_L001_R2_001.fastq.gz	gs://fc-a564560f-e700-499e-a079-2c42374908d8/submissions/3176fe82-3e24-4ad1-990d-9c71f23a0dc3/freyja_fastq/5972b480-8249-4d40-8388-6fda940ee813/call-read_QC_trim/read_QC_trim/b8b2314a-a62e-4481-a100-a6fc07e32d47/call-bbduk/PMB0748177-lib4693_S14_L001_2.clean.fastq.gz	gs://fc-a564560f-e700-499e-a079-2c42374908d8/submissions/3176fe82-3e24-4ad1-990d-9c71f23a0dc3/freyja_fastq/5972b480-8249-4d40-8388-6fda940ee813/call-read_QC_trim/read_QC_trim/b8b2314a-a62e-4481-a100-a6fc07e32d47/call-ncbi_scrub_pe/cacheCopy/PMB0748177-lib4693_S14_L001_R2_dehosted.fastq.gz	samtools 1.12	samtools 1.12	Trimmomatic 0.39
PMB0748178-lib4694_S15_L001	gs://fc-a564560f-e700-499e-a079-2c42374908d8/submissions/3176fe82-3e24-4ad1-990d-9c71f23a0dc3/freyja_fastq/1b017df5-bf1f-493c-b066-7097999b21bf/call-primer_trim/PMB0748178-lib4694_S15_L001.primertrim.sorted.bam.bai	gs://fc-a564560f-e700-499e-a079-2c42374908d8/submissions/3176fe82-3e24-4ad1-990d-9c71f23a0dc3/freyja_fastq/1b017df5-bf1f-493c-b066-7097999b21bf/call-primer_trim/PMB0748178-lib4694_S15_L001.primertrim.sorted.bam	BWA Version: 0.7.17-r1188; iVar version 1.3.1	quay.io/staphb/bbtools:38.76	BWA Version: 0.7.17-r1188	fastq-scan 0.4.4	freyja_usher_barcodes_20220309.csv	gs://fc-a564560f-e700-499e-a079-2c42374908d8/submissions/3176fe82-3e24-4ad1-990d-9c71f23a0dc3/freyja_fastq/1b017df5-bf1f-493c-b066-7097999b21bf/call-freyja/PMB0748178-lib4694_S15_L001_freyja_demixed.tsv	gs://fc-a564560f-e700-499e-a079-2c42374908d8/submissions/3176fe82-3e24-4ad1-990d-9c71f23a0dc3/freyja_fastq/1b017df5-bf1f-493c-b066-7097999b21bf/call-freyja/PMB0748178-lib4694_S15_L001_freyja_depths.tsv	7/30/2025	PHVG 2.3.2	freyja_lineage_metadata_20220215.json	gs://fc-a564560f-e700-499e-a079-2c42374908d8/submissions/3176fe82-3e24-4ad1-990d-9c71f23a0dc3/freyja_fastq/1b017df5-bf1f-493c-b066-7097999b21bf/call-freyja/PMB0748178-lib4694_S15_L001_freyja_variants.tsv	iVar version 1.3.1	0.19	0.19	gs://fc-a564560f-e700-499e-a079-2c42374908d8/submissions/3176fe82-3e24-4ad1-990d-9c71f23a0dc3/freyja_fastq/1b017df5-bf1f-493c-b066-7097999b21bf/call-read_QC_trim/read_QC_trim/dc8c42a8-f4a7-4333-b57d-3c69fcd3ca75/call-kraken2_raw/cacheCopy/PMB0748178-lib4694_S15_L001_kraken2_report.txt	gs://fc-a564560f-e700-499e-a079-2c42374908d8/submissions/3176fe82-3e24-4ad1-990d-9c71f23a0dc3/freyja_fastq/1b017df5-bf1f-493c-b066-7097999b21bf/call-read_QC_trim/read_QC_trim/dc8c42a8-f4a7-4333-b57d-3c69fcd3ca75/call-kraken2_dehosted/PMB0748178-lib4694_S15_L001_kraken2_report.txt	0.65	0.65	Kraken version 2.0.8-beta	75584	75584	75584	346650	346650	346650	V4_nCoV-2021.primer.bed	30.51	gs://fc-d989c87a-a5b0-4d03-97bd-602a5ee1637c/uploads/wastewater30-31/PMB0748178-lib4694_S15_L001_R1_001.fastq.gz	gs://fc-a564560f-e700-499e-a079-2c42374908d8/submissions/3176fe82-3e24-4ad1-990d-9c71f23a0dc3/freyja_fastq/1b017df5-bf1f-493c-b066-7097999b21bf/call-read_QC_trim/read_QC_trim/dc8c42a8-f4a7-4333-b57d-3c69fcd3ca75/call-bbduk/cacheCopy/PMB0748178-lib4694_S15_L001_1.clean.fastq.gz	gs://fc-a564560f-e700-499e-a079-2c42374908d8/submissions/3176fe82-3e24-4ad1-990d-9c71f23a0dc3/freyja_fastq/1b017df5-bf1f-493c-b066-7097999b21bf/call-read_QC_trim/read_QC_trim/dc8c42a8-f4a7-4333-b57d-3c69fcd3ca75/call-ncbi_scrub_pe/cacheCopy/PMB0748178-lib4694_S15_L001_R1_dehosted.fastq.gz	gs://fc-d989c87a-a5b0-4d03-97bd-602a5ee1637c/uploads/wastewater30-31/PMB0748178-lib4694_S15_L001_R2_001.fastq.gz	gs://fc-a564560f-e700-499e-a079-2c42374908d8/submissions/3176fe82-3e24-4ad1-990d-9c71f23a0dc3/freyja_fastq/1b017df5-bf1f-493c-b066-7097999b21bf/call-read_QC_trim/read_QC_trim/dc8c42a8-f4a7-4333-b57d-3c69fcd3ca75/call-bbduk/cacheCopy/PMB0748178-lib4694_S15_L001_2.clean.fastq.gz	gs://fc-a564560f-e700-499e-a079-2c42374908d8/submissions/3176fe82-3e24-4ad1-990d-9c71f23a0dc3/freyja_fastq/1b017df5-bf1f-493c-b066-7097999b21bf/call-read_QC_trim/read_QC_trim/dc8c42a8-f4a7-4333-b57d-3c69fcd3ca75/call-ncbi_scrub_pe/cacheCopy/PMB0748178-lib4694_S15_L001_R2_dehosted.fastq.gz	samtools 1.12	samtools 1.12	Trimmomatic 0.39
PMB0748180-lib4696_S17_L001	gs://fc-a564560f-e700-499e-a079-2c42374908d8/submissions/3176fe82-3e24-4ad1-990d-9c71f23a0dc3/freyja_fastq/4c2a88f8-b44d-4ede-b803-916407f5d2e5/call-primer_trim/PMB0748180-lib4696_S17_L001.primertrim.sorted.bam.bai	gs://fc-a564560f-e700-499e-a079-2c42374908d8/submissions/3176fe82-3e24-4ad1-990d-9c71f23a0dc3/freyja_fastq/4c2a88f8-b44d-4ede-b803-916407f5d2e5/call-primer_trim/PMB0748180-lib4696_S17_L001.primertrim.sorted.bam	BWA Version: 0.7.17-r1188; iVar version 1.3.1	quay.io/staphb/bbtools:38.76	BWA Version: 0.7.17-r1188	fastq-scan 0.4.4	freyja_usher_barcodes_20220309.csv	gs://fc-a564560f-e700-499e-a079-2c42374908d8/submissions/3176fe82-3e24-4ad1-990d-9c71f23a0dc3/freyja_fastq/4c2a88f8-b44d-4ede-b803-916407f5d2e5/call-freyja/PMB0748180-lib4696_S17_L001_freyja_demixed.tsv	gs://fc-a564560f-e700-499e-a079-2c42374908d8/submissions/3176fe82-3e24-4ad1-990d-9c71f23a0dc3/freyja_fastq/4c2a88f8-b44d-4ede-b803-916407f5d2e5/call-freyja/PMB0748180-lib4696_S17_L001_freyja_depths.tsv	7/30/2025	PHVG 2.3.2	freyja_lineage_metadata_20220215.json	gs://fc-a564560f-e700-499e-a079-2c42374908d8/submissions/3176fe82-3e24-4ad1-990d-9c71f23a0dc3/freyja_fastq/4c2a88f8-b44d-4ede-b803-916407f5d2e5/call-freyja/PMB0748180-lib4696_S17_L001_freyja_variants.tsv	iVar version 1.3.1	0.33	0.26	gs://fc-a564560f-e700-499e-a079-2c42374908d8/submissions/3176fe82-3e24-4ad1-990d-9c71f23a0dc3/freyja_fastq/4c2a88f8-b44d-4ede-b803-916407f5d2e5/call-read_QC_trim/read_QC_trim/bbc5fd2a-24c6-425d-92be-e061ae35f5ac/call-kraken2_raw/cacheCopy/PMB0748180-lib4696_S17_L001_kraken2_report.txt	gs://fc-a564560f-e700-499e-a079-2c42374908d8/submissions/3176fe82-3e24-4ad1-990d-9c71f23a0dc3/freyja_fastq/4c2a88f8-b44d-4ede-b803-916407f5d2e5/call-read_QC_trim/read_QC_trim/bbc5fd2a-24c6-425d-92be-e061ae35f5ac/call-kraken2_dehosted/PMB0748180-lib4696_S17_L001_kraken2_report.txt	1	1	Kraken version 2.0.8-beta	19010	19010	19010	76261	76261	76261	V4_nCoV-2021.primer.bed	24.1	gs://fc-d989c87a-a5b0-4d03-97bd-602a5ee1637c/uploads/wastewater30-31/PMB0748180-lib4696_S17_L001_R1_001.fastq.gz	gs://fc-a564560f-e700-499e-a079-2c42374908d8/submissions/3176fe82-3e24-4ad1-990d-9c71f23a0dc3/freyja_fastq/4c2a88f8-b44d-4ede-b803-916407f5d2e5/call-read_QC_trim/read_QC_trim/bbc5fd2a-24c6-425d-92be-e061ae35f5ac/call-bbduk/PMB0748180-lib4696_S17_L001_1.clean.fastq.gz	gs://fc-a564560f-e700-499e-a079-2c42374908d8/submissions/3176fe82-3e24-4ad1-990d-9c71f23a0dc3/freyja_fastq/4c2a88f8-b44d-4ede-b803-916407f5d2e5/call-read_QC_trim/read_QC_trim/bbc5fd2a-24c6-425d-92be-e061ae35f5ac/call-ncbi_scrub_pe/cacheCopy/PMB0748180-lib4696_S17_L001_R1_dehosted.fastq.gz	gs://fc-d989c87a-a5b0-4d03-97bd-602a5ee1637c/uploads/wastewater30-31/PMB0748180-lib4696_S17_L001_R2_001.fastq.gz	gs://fc-a564560f-e700-499e-a079-2c42374908d8/submissions/3176fe82-3e24-4ad1-990d-9c71f23a0dc3/freyja_fastq/4c2a88f8-b44d-4ede-b803-916407f5d2e5/call-read_QC_trim/read_QC_trim/bbc5fd2a-24c6-425d-92be-e061ae35f5ac/call-bbduk/PMB0748180-lib4696_S17_L001_2.clean.fastq.gz	gs://fc-a564560f-e700-499e-a079-2c42374908d8/submissions/3176fe82-3e24-4ad1-990d-9c71f23a0dc3/freyja_fastq/4c2a88f8-b44d-4ede-b803-916407f5d2e5/call-read_QC_trim/read_QC_trim/bbc5fd2a-24c6-425d-92be-e061ae35f5ac/call-ncbi_scrub_pe/cacheCopy/PMB0748180-lib4696_S17_L001_R2_dehosted.fastq.gz	samtools 1.12	samtools 1.12	Trimmomatic 0.39
PMB0748181-lib4697_S18_L001	gs://fc-a564560f-e700-499e-a079-2c42374908d8/submissions/3176fe82-3e24-4ad1-990d-9c71f23a0dc3/freyja_fastq/b87e45c0-670c-4325-ac2f-a4a31b72e744/call-primer_trim/PMB0748181-lib4697_S18_L001.primertrim.sorted.bam.bai	gs://fc-a564560f-e700-499e-a079-2c42374908d8/submissions/3176fe82-3e24-4ad1-990d-9c71f23a0dc3/freyja_fastq/b87e45c0-670c-4325-ac2f-a4a31b72e744/call-primer_trim/PMB0748181-lib4697_S18_L001.primertrim.sorted.bam	BWA Version: 0.7.17-r1188; iVar version 1.3.1	quay.io/staphb/bbtools:38.76	BWA Version: 0.7.17-r1188	fastq-scan 0.4.4	freyja_usher_barcodes_20220309.csv	gs://fc-a564560f-e700-499e-a079-2c42374908d8/submissions/3176fe82-3e24-4ad1-990d-9c71f23a0dc3/freyja_fastq/b87e45c0-670c-4325-ac2f-a4a31b72e744/call-freyja/PMB0748181-lib4697_S18_L001_freyja_demixed.tsv	gs://fc-a564560f-e700-499e-a079-2c42374908d8/submissions/3176fe82-3e24-4ad1-990d-9c71f23a0dc3/freyja_fastq/b87e45c0-670c-4325-ac2f-a4a31b72e744/call-freyja/PMB0748181-lib4697_S18_L001_freyja_depths.tsv	7/30/2025	PHVG 2.3.2	freyja_lineage_metadata_20220215.json	gs://fc-a564560f-e700-499e-a079-2c42374908d8/submissions/3176fe82-3e24-4ad1-990d-9c71f23a0dc3/freyja_fastq/b87e45c0-670c-4325-ac2f-a4a31b72e744/call-freyja/PMB0748181-lib4697_S18_L001_freyja_variants.tsv	iVar version 1.3.1	0.37	0.3	gs://fc-a564560f-e700-499e-a079-2c42374908d8/submissions/3176fe82-3e24-4ad1-990d-9c71f23a0dc3/freyja_fastq/b87e45c0-670c-4325-ac2f-a4a31b72e744/call-read_QC_trim/read_QC_trim/c8548d41-f907-4eb9-8354-b0bc0602b2e2/call-kraken2_raw/cacheCopy/PMB0748181-lib4697_S18_L001_kraken2_report.txt	gs://fc-a564560f-e700-499e-a079-2c42374908d8/submissions/3176fe82-3e24-4ad1-990d-9c71f23a0dc3/freyja_fastq/b87e45c0-670c-4325-ac2f-a4a31b72e744/call-read_QC_trim/read_QC_trim/c8548d41-f907-4eb9-8354-b0bc0602b2e2/call-kraken2_dehosted/PMB0748181-lib4697_S18_L001_kraken2_report.txt	98.02	98.02	Kraken version 2.0.8-beta	51782	51782	51782	158504	158504	158504	V4_nCoV-2021.primer.bed	26.02	gs://fc-d989c87a-a5b0-4d03-97bd-602a5ee1637c/uploads/wastewater30-31/PMB0748181-lib4697_S18_L001_R1_001.fastq.gz	gs://fc-a564560f-e700-499e-a079-2c42374908d8/submissions/3176fe82-3e24-4ad1-990d-9c71f23a0dc3/freyja_fastq/b87e45c0-670c-4325-ac2f-a4a31b72e744/call-read_QC_trim/read_QC_trim/c8548d41-f907-4eb9-8354-b0bc0602b2e2/call-bbduk/PMB0748181-lib4697_S18_L001_1.clean.fastq.gz	gs://fc-a564560f-e700-499e-a079-2c42374908d8/submissions/3176fe82-3e24-4ad1-990d-9c71f23a0dc3/freyja_fastq/b87e45c0-670c-4325-ac2f-a4a31b72e744/call-read_QC_trim/read_QC_trim/c8548d41-f907-4eb9-8354-b0bc0602b2e2/call-ncbi_scrub_pe/cacheCopy/PMB0748181-lib4697_S18_L001_R1_dehosted.fastq.gz	gs://fc-d989c87a-a5b0-4d03-97bd-602a5ee1637c/uploads/wastewater30-31/PMB0748181-lib4697_S18_L001_R2_001.fastq.gz	gs://fc-a564560f-e700-499e-a079-2c42374908d8/submissions/3176fe82-3e24-4ad1-990d-9c71f23a0dc3/freyja_fastq/b87e45c0-670c-4325-ac2f-a4a31b72e744/call-read_QC_trim/read_QC_trim/c8548d41-f907-4eb9-8354-b0bc0602b2e2/call-bbduk/PMB0748181-lib4697_S18_L001_2.clean.fastq.gz	gs://fc-a564560f-e700-499e-a079-2c42374908d8/submissions/3176fe82-3e24-4ad1-990d-9c71f23a0dc3/freyja_fastq/b87e45c0-670c-4325-ac2f-a4a31b72e744/call-read_QC_trim/read_QC_trim/c8548d41-f907-4eb9-8354-b0bc0602b2e2/call-ncbi_scrub_pe/cacheCopy/PMB0748181-lib4697_S18_L001_R2_dehosted.fastq.gz	samtools 1.12	samtools 1.12	Trimmomatic 0.39
