"Dados_demograficos:DATE2","Dados_demograficos:codigo_paciente","Dados_demograficos:coordenadas_IDS:Latitude","Dados_demograficos:coordenadas_IDS:Longitude","WHOTA:coordenadas_IDS:Altitude","WHOTA:coordenadas_IDS:Accuracy","local_colheita:provincia_colheita","WHOTA:dist_colheita","WHOTA:LO_COLHEITA","WHOTA:ptdcol","WHOTA:tipmast","WHOTA:teccol","WHOTA:tembie","WHOTA:temag","WHOTA:humreab","WHOTA:ph","WHOTA:Turbidez","WHOTA:condelec","WHOTA:conamon","WHOTA:conortf","WHOTA:oxigenio","WHOTA:descfras","WHOTA:consdtr","WHOTA:nota12","WHOTA:SARS_COV_2","WHOTA:Influenza","WHOTA:Poliovirus","WHOTA:Colera","WHOTA:Febre_tifoide","WHOTA:Outros","WHOTA:Outros_other","WHOTA:TEC_RES_COLHEITA","WHOTA:Observacao","meta:instanceID"
"03/18/2025","IDSW100001",-25.9189897,32.5389447,26.8,1.74,"Maputo Cidade","kamubukwana","ETAR","Cam_Cistern_CC","Aguas_residuais","Torpidos","24.7",40,67,NA,NA,"",NA,NA,NA,"Sim","Sim",NA,"Sim","Sim","","","","",NA,"Diocreciano InocÃªncio","","uuid:d47040fa-6ec5-4fd2-932a-41f82ac29084"
"03/18/2025","IDSW100002",-25.9190583,32.5388917,-4.4,3.9,"Maputo Cidade","kamubukwana","ETAR","Cam_Cistern_CC","Aguas_residuais","Moore_swab","24.7",40,67,NA,NA,"",NA,NA,NA,"Sim","Sim",NA,"Sim","Sim","","","","",NA,"Diocreciano InocÃªncio","","uuid:9f15f10c-4de0-46a6-a1bd-548e05b850ba"
"03/18/2025","IDSW100003",-25.9189365,32.5388787,2.1,4.45,"Maputo Cidade","kamubukwana","ETAR","Cam_Cistern_CC","Aguas_residuais","Grag_sample","24.7",40,67,NA,NA,"",NA,NA,NA,"Sim","Sim",NA,"Sim","Sim","","","","",NA,"Diocreciano InocÃªncio","","uuid:07d0b960-f33e-4357-9fe4-9c0a0a13e1a6"
"03/18/2025","IDSW100004",-25.9184,32.539085,2.8,5,"Maputo Cidade","kamubukwana","ETAR","Entrada_ETAR","Aguas_residuais","Grag_sample","24.7",40,67,NA,NA,"",NA,NA,NA,"Sim","Sim",NA,"Sim","Sim","","","","",NA,"","","uuid:20d3e33d-4e8b-41bb-ae5c-f6e141e787ea"
"03/18/2025","IDSW100005",-25.9186717,32.5388367,3.5,4.9,"Maputo Cidade","kamubukwana","ETAR","Entrada_ETAR","Aguas_residuais","Moore_swab","24.7",40,67,NA,NA,"",NA,NA,NA,"Sim","Sim",NA,"Sim","Sim","","","","",NA,"Diocreciano InocÃªncio","","uuid:1b141ce2-66b5-4c5d-a383-57aba6722cfe"
"03/18/2025","IDSW100006",-25.9184958,32.539223,3.5,3.75,"Maputo Cidade","kamubukwana","ETAR","Entrada_ETAR","Aguas_residuais","Torpidos","24.7",40,67,NA,NA,"",NA,NA,NA,"Sim","Sim",NA,"Sim","Sim","","","","",NA,"Diocreciano InocÃªncio","","uuid:7d5a37e5-c8c1-43bd-baee-bdfc0dbaf05a"
"03/18/2025","IDSW100007",-25.917707,32.5382868,25.7000007629,3.1,"Maputo Cidade","kamubukwana","ETAR","Vala_esgoto_VE","Aguas_residuais","Torpidos","24.7",40,67,NA,NA,"",NA,NA,NA,"Sim","Sim",NA,"Sim","Sim","","","","",NA,"Diocreciano InocÃªncio","","uuid:0770a8a6-8c2c-4b8e-8474-228a91bc1532"
"03/18/2025","IDSW100008",-25.9177073,32.5383303,25.7000007629,3.642,"Maputo Cidade","kamubukwana","ETAR","Vala_esgoto_VE","Aguas_residuais","Moore_swab","24.7",40,67,NA,NA,"",NA,NA,NA,"Sim","Sim",NA,"Sim","Sim","","","","",NA,"Diocreciano InocÃªncio","","uuid:6db16d74-7f65-4a03-b32d-1806b281ec53"
"03/18/2025","IDSW100009",-25.9177331,32.5383052,25.7000007629,2.5,"Maputo Cidade","kamubukwana","ETAR","Vala_esgoto_VE","Aguas_residuais","Grag_sample","24.7",40,67,NA,NA,"",NA,NA,NA,"Sim","Sim",NA,"Sim","Sim","","","","",NA,"Diocreciano InocÃªncio","","uuid:5f4da18f-bd57-4696-a3d4-cd4865352131"
"03/25/2025","IDSW100010",-25.9189918,32.5389136,26.4,4.2,"Maputo Cidade","kamubukwana","ETAR","Cam_Cistern_CC","Aguas_residuais","Torpidos","20.1",40,17,NA,NA,"",NA,NA,NA,"Sim","Sim",NA,"Sim","Sim","","","","",NA,"Diocreciano InocÃªncio","","uuid:8d0b0cc3-98e8-473a-9631-282ebd615e77"
"03/25/2025","IDSW100011",-25.9189974,32.5388759,13.6,4.9,"Maputo Cidade","kamubukwana","ETAR","Cam_Cistern_CC","Aguas_residuais","Moore_swab","20.1",40,17,NA,NA,"",NA,NA,NA,"Sim","Sim",NA,"Sim","Sim","","","Sim","",NA,"Diocreciano InocÃªncio","","uuid:6c7161f0-f2ce-46b8-978f-ee20471036da"
"03/25/2025","IDSW100012",-25.9189833,32.5389117,26.9,4.4,"Maputo Cidade","kamubukwana","ETAR","Cam_Cistern_CC","Aguas_residuais","Grag_sample","20.1",40,17,NA,NA,"",NA,NA,NA,"Sim","Sim",NA,"Sim","Sim","","","Sim","",NA,"Diocreciano InocÃªncio","","uuid:a5c6ccdb-4765-4c41-b1c2-c56e38d2a163"
"03/25/2025","IDSW100013",-25.9184551,32.5392905,29.5,4.5,"Maputo Cidade","kamubukwana","ETAR","Entrada_ETAR","Aguas_residuais","Torpidos","20.1",40,17,NA,NA,"",NA,NA,NA,"Sim","Sim",NA,"Sim","Sim","","Sim","Sim","",NA,"Diocreciano/InocÃªncio","","uuid:9311414d-4fe7-4934-8c9a-41b47d5f4185"
"03/25/2025","IASW100014",-25.9184575,32.5391355,29.2,4.2,"Maputo Cidade","kamubukwana","ETAR","Entrada_ETAR","Aguas_residuais","Moore_swab","20.1",40,17,NA,NA,"",NA,NA,NA,"Sim","Sim",NA,"Sim","Sim","","Sim","Sim","",NA,"Diocreciano InocÃªncio","","uuid:4868c1f2-4e77-4db5-8a39-aa508a0984d5"
"03/25/2025","IDSW100015",-25.9183639,32.5391879,28.4,3.55,"Maputo Cidade","kamubukwana","ETAR","Entrada_ETAR","Aguas_residuais","Grag_sample","20.1",40,17,NA,NA,"",NA,NA,NA,"Sim","Sim",NA,"Sim","Sim","","Sim","Sim","",NA,"DIOCRECIANO INOCÃŠNCIO","","uuid:ff42a7d4-8212-484a-8776-d6c64b1fe893"
"03/25/2025","IDSW100016",-25.9177106,32.5383676,25.7000007629,4.916,"Maputo Cidade","kamubukwana","ETAR","Vala_esgoto_VE","Aguas_residuais","Torpidos","20.1",40,17,NA,NA,"",NA,NA,NA,"Sim","Sim",NA,"Sim","Sim","","Nao","","",NA,"DIOCRECIANO INOCÃŠNCIO","","uuid:403c9b02-0546-4cd2-9faa-a4f99ee66ff7"
"03/25/2025","IDSW100017",-25.9177628,32.538295,25.7000007629,2.983,"Maputo Cidade","kamubukwana","ETAR","Vala_esgoto_VE","Aguas_residuais","Moore_swab","20.1",40,17,NA,NA,"",NA,NA,NA,"Sim","Sim",NA,"Sim","Sim","","Sim","Sim","",NA,"Diocreciano InocÃªncio","","uuid:4be07008-e085-4f4e-8003-bf5308c3c2c6"
"03/25/2025","IDSW100018",-25.9177429,32.5382996,25.6000003815,2.76,"Maputo Cidade","kamubukwana","ETAR","Vala_esgoto_VE","Aguas_residuais","Grag_sample","20.1",40,17,NA,NA,"",NA,NA,NA,"Sim","Sim",NA,"Sim","Sim","","Sim","Sim","",NA,"Diocreciano InocÃªncio","","uuid:d5c5a49a-6fc4-4925-b333-6d2caa15990c"
"04/01/2025","IDSW100019",-25.9190344,32.5389174,20.5,4.05,"Maputo Cidade","kamubukwana","ETAR","Cam_Cistern_CC","Aguas_residuais","Torpidos","20.1",17,40,NA,NA,"",NA,NA,NA,"Sim","Sim",NA,"Sim","Sim","","","","",NA,"INOCÃŠNCIO","","uuid:c08deb6f-e99f-4434-b61b-1bcb0bd6896e"
"04/01/2025","IDSW100020",-25.9189966,32.5389543,37.3,4.433,"Maputo Cidade","kamubukwana","ETAR","Cam_Cistern_CC","Aguas_residuais","Moore_swab","20.1",40,17,NA,NA,"",NA,NA,NA,"Sim","Sim",NA,"Sim","Sim","","Sim","Sim","",NA,"InocÃªncio","","uuid:c086fdcb-faed-406b-8b3a-e5c25da8d190"
"04/01/2025","IDSW100021",-25.9188686,32.5389353,23.1,4.133,"Maputo Cidade","kamubukwana","ETAR","Cam_Cistern_CC","Aguas_residuais","Grag_sample","20.1",40,17,NA,NA,"",NA,NA,NA,"Sim","Sim",NA,"Sim","Sim","","Sim","Sim","",NA,"INOCÃŠNCIO","","uuid:985c301f-9e53-4bfa-8c91-c8cdc2ba5bb9"
"04/01/2025","IDSW100022",-25.9183456,32.5392557,25,4.95,"Maputo Cidade","kamubukwana","ETAR","Entrada_ETAR","Aguas_residuais","Moore_swab","20.1",40,17,NA,NA,"",NA,NA,NA,"Sim","Sim",NA,"Sim","Sim","","Sim","Sim","",NA,"INOCÃŠNCIO","","uuid:bde3ee18-2e25-4dfe-bc3b-5353dc0d3f65"
"04/01/2025","IDSW100023",-25.9184386,32.5392567,25.4,4.96,"Maputo Cidade","kamubukwana","ETAR","Entrada_ETAR","Aguas_residuais","Torpidos","20.1",40,17,NA,NA,"",NA,NA,NA,"Sim","Sim",NA,"Sim","Sim","","","","",NA,"INOCÃŠNCIO","","uuid:05ba749f-cd5f-4c59-bb57-0e30b8797251"
"04/01/2025","IDSW100024",-25.918345,32.5393948,28.9,7.3,"Maputo Cidade","kamubukwana","ETAR","Entrada_ETAR","Aguas_residuais","Grag_sample","20.1",40,17,NA,NA,"",NA,NA,NA,"Sim","Sim",NA,"Sim","Sim","","Sim","Sim","",NA,"INOCÃŠNCIO","","uuid:a34021c6-a477-45cd-914b-3fbbbebcdc93"
"04/01/2025","IDSW100025",-25.9177907,32.5383454,39.6,4.883,"Maputo Cidade","kamubukwana","ETAR","Vala_esgoto_VE","Aguas_residuais","Moore_swab","20.1",40,17,NA,NA,"",NA,NA,NA,"Sim","Sim",NA,"Sim","Sim","","Sim","Sim","",NA,"INOCÃŠNCIO","","uuid:95f2f155-93e8-4370-86c9-9c379e556c28"
"04/01/2025","IDSW100026",-25.9177509,32.5383532,32.9,4.74,"Maputo Cidade","kamubukwana","ETAR","Vala_esgoto_VE","Aguas_residuais","Torpidos","20.1",40,17,NA,NA,"",NA,NA,NA,"Sim","Sim",NA,"Sim","Sim","","","","",NA,"INOCÃŠNCIO","","uuid:bd6f3cfa-d806-451a-9475-36d1b915044a"
"04/01/2025","IDSW100027",-25.917754,32.5383433,31.8,4.88,"Maputo Cidade","kamubukwana","ETAR","Vala_esgoto_VE","Aguas_residuais","Grag_sample","20.1",40,17,NA,NA,"",NA,NA,NA,"Sim","Sim",NA,"Sim","Sim","","Sim","Sim","",NA,"INOCÃŠNCIO","","uuid:80065cac-7821-4bb7-8b18-8060e579b291"
"04/09/2025","IDSW100028",-25.9189917,32.5389317,72.6999969482,4.1,"Maputo Cidade","kamubukwana","ETAR","Cam_Cistern_CC","Aguas_residuais","Torpidos","34",40,77,NA,NA,"",NA,NA,NA,"Sim","Sim",NA,"Sim","Sim","","","","",NA,"INOCÃŠNCIO","","uuid:0d196832-252f-4c41-a0f1-cc48e2dd4bb1"
"04/09/2025","IDSW100029",-25.9190254,32.5389076,34.9,4.94,"Maputo Cidade","kamubukwana","ETAR","Cam_Cistern_CC","Aguas_residuais","Moore_swab","34",40,77,NA,NA,"",NA,NA,NA,"Sim","Sim",NA,"Sim","Sim","","Sim","Sim","",NA,"INOCÃŠNCIO","","uuid:4a70ec88-8b54-4e75-804b-c47529b9b0df"
"04/09/2025","IDSW100030",-25.9190217,32.5388503,96.9,3,"Maputo Cidade","kamubukwana","ETAR","Cam_Cistern_CC","Aguas_residuais","Grag_sample","34",40,77,NA,NA,"",NA,NA,NA,"Sim","Sim",NA,"Sim","Sim","","Sim","Sim","",NA,"INOCÃŠNCIO","","uuid:1686fafb-2526-4e55-8479-38919ed31a6a"
"04/09/2025","IDSW100031",-25.9181243,32.5388671,164.4,4.733,"Maputo Cidade","kamubukwana","ETAR","Entrada_ETAR","Aguas_residuais","Torpidos","34",40,77,NA,NA,"",NA,NA,NA,"Sim","Sim",NA,"Sim","Sim","","","","",NA,"INOCÃŠNCIO","","uuid:7532c300-112a-42c5-ab35-7a155e3aee44"
"04/09/2025","IDSW100032",-25.9181876,32.5388922,162.8,4.966,"Maputo Cidade","kamubukwana","ETAR","Entrada_ETAR","Aguas_residuais","Moore_swab","34",40,77,NA,NA,"",NA,NA,NA,"Sim","Sim",NA,"Sim","Sim","","Sim","Sim","",NA,"INOCÃŠNCIO","","uuid:b406f4a8-3354-417b-90e9-78007edfac64"
"04/09/2025","IDSW100033",-25.9183891,32.5390815,115.3,4.933,"Maputo Cidade","kamubukwana","ETAR","Entrada_ETAR","Aguas_residuais","Grag_sample","34",40,77,NA,NA,"",NA,NA,NA,"Sim","Sim",NA,"Sim","Sim","","Sim","Sim","",NA,"INOCÃŠNCIO","","uuid:684fe6de-baee-47fa-ab20-ece8a6d6d012"
"04/09/2025","IDSW100034",-25.91777,32.5382833,25.8000011444,4.5,"Maputo Cidade","kamubukwana","ETAR","Vala_esgoto_VE","Aguas_residuais","Grag_sample","34",40,77,NA,NA,"",NA,NA,NA,"Sim","Sim",NA,"Sim","Sim","","Sim","Sim","",NA,"INOCÃŠNCIO","","uuid:d669bdd8-b479-4d9c-88b7-4805df7fab7a"
"04/15/2025","IDSW100035",-25.9189537,32.5389179,24.7,4.866,"Maputo Cidade","kamubukwana","ETAR","Cam_Cistern_CC","Aguas_residuais","Torpidos","27.1",40,77,NA,NA,"",NA,NA,NA,"Sim","Sim",NA,"Sim","Sim","","","","",NA,"INOCÃŠNCIO","","uuid:b3d4a56d-2505-424e-bb2d-9d1349a15ea9"
"04/15/2025","IDSW100036",-25.9190657,32.5388854,31.3,4.966,"Maputo Cidade","kamubukwana","ETAR","Cam_Cistern_CC","Aguas_residuais","Moore_swab","27.1",40,77,NA,NA,"",NA,NA,NA,"Sim","Sim",NA,"Sim","Sim","","Sim","Sim","",NA,"INOCÃŠNCIO","","uuid:78f8919f-fcd4-42b6-99bf-20a71a957545"
"04/15/2025","IDSW100037",-25.9190137,32.5388681,29.6,4.5,"Maputo Cidade","kamubukwana","ETAR","Cam_Cistern_CC","Aguas_residuais","Grag_sample","27.1",40,77,NA,NA,"",NA,NA,NA,"Sim","Sim",NA,"Sim","Sim","Nao","Sim","Sim","",NA,"Diocreciano InocÃªncio","","uuid:552a3896-6aa0-44f0-972e-fbf1a29ae558"
"04/15/2025","IDSW100038",-25.9184918,32.5391298,28.9,4.783,"Maputo Cidade","kamubukwana","ETAR","Entrada_ETAR","Aguas_residuais","Torpidos","27.1",40,77,NA,NA,"",NA,NA,NA,"Sim","Sim",NA,"Sim","Sim","Nao","Nao","Nao","",NA,"Diocreciano InocÃªncio","","uuid:73e5f4c8-882f-4007-8848-cfab3142a9e1"
"04/15/2025","IDSW100039",-25.9184089,32.5392307,28.8,4.865,"Maputo Cidade","kamubukwana","ETAR","Entrada_ETAR","Aguas_residuais","Moore_swab","27.1",40,77,NA,NA,"",NA,NA,NA,"Sim","Sim",NA,"Sim","Sim","Nao","Sim","Sim","",NA,"Diocreciano InocÃªncio","","uuid:82160380-8571-41ce-83f1-02363ad06960"
"04/15/2025","IDSW100040",-25.9183724,32.5391634,28.3,4.85,"Maputo Cidade","kamubukwana","ETAR","Entrada_ETAR","Aguas_residuais","Grag_sample","27.1",40,77,NA,NA,"",NA,NA,NA,"Sim","Sim",NA,"Sim","Sim","Nao","Sim","Sim","",NA,"Diocreciano InocÃªncio","","uuid:6c2fe8cb-4f66-4fec-b522-757d16d14e57"
"04/15/2025","IDSW100041",-25.9177275,32.5383486,10,4.833,"Maputo Cidade","kamubukwana","ETAR","Vala_esgoto_VE","Aguas_residuais","Torpidos","27.1",40,77,NA,NA,"",NA,NA,NA,"Sim","Sim",NA,"Sim","Sim","Nao","Nao","Nao","",NA,"Diocreciano InocÃªncio","","uuid:1f8a5111-4ddb-4488-89eb-b8ba81edeb10"
"04/15/2025","IDSW100042",-25.917764,32.5384224,9.5,4.54,"Maputo Cidade","kamubukwana","ETAR","Vala_esgoto_VE","Aguas_residuais","Moore_swab","27.1",40,77,NA,NA,"",NA,NA,NA,"Sim","Sim",NA,"Sim","Sim","Nao","Sim","Sim","",NA,"Diocreciano InocÃªncio","","uuid:1a2c0515-6a82-4faa-abbf-14c0a19c6bae"
"04/15/2025","IDSW100043",-25.9177527,32.5383331,9.3,4.75,"Maputo Cidade","kamubukwana","ETAR","Vala_esgoto_VE","Aguas_residuais","Grag_sample","27.1",40,77,NA,NA,"",NA,NA,NA,"Sim","Sim",NA,"Sim","Sim","Nao","Sim","Sim","",NA,"Diocreciano InocÃªncio","","uuid:7f75b43c-a235-4d87-a833-e56785331398"
"04/22/2025","IDSW100044",-25.9189141,32.5390088,27.4,4.35,"Maputo Cidade","kamubukwana","ETAR","Cam_Cistern_CC","Aguas_residuais","Torpidos","33.5",40,77,NA,NA,"",NA,NA,NA,"Sim","Sim",NA,"Sim","Sim","Nao","Nao","Nao","",NA,"INOCÃŠNCIO","","uuid:98d1dd7a-9353-4359-bf34-d4efa909498d"
"04/22/2025","IDSW100045",-25.918933,32.539078,27.5,4.46,"Maputo Cidade","kamubukwana","ETAR","Cam_Cistern_CC","Aguas_residuais","Moore_swab","33.5",40,77,NA,NA,"",NA,NA,NA,"Sim","Sim",NA,"Sim","Sim","Nao","Sim","Sim","Nao",NA,"INOCÃŠNCIO","","uuid:0fa8f943-8d6e-4abf-9597-7304b7ef3d10"
"04/22/2025","IDSW100046",-25.9189402,32.5389972,27.5,4.7,"Maputo Cidade","kamubukwana","ETAR","Cam_Cistern_CC","Aguas_residuais","Grag_sample","33.5",40,77,NA,NA,"",NA,NA,NA,"Sim","Sim",NA,"Sim","Sim","Nao","","","",NA,"","","uuid:5aed7f77-5a0d-47a8-b612-d2c010e70beb"
"04/22/2025","IDSW100047",-25.9183156,32.5391388,58.2,4.7,"Maputo Cidade","kamubukwana","ETAR","Entrada_ETAR","Aguas_residuais","Torpidos","33.5",40,77,NA,NA,"",NA,NA,NA,"Sim","Sim",NA,"Sim","Sim","Nao","Nao","Nao","Nao",NA,"INOCÃŠNCIO","","uuid:cd8fba8f-90fc-4965-a694-8939c9b73db4"
"04/22/2025","IDSW100048",-25.9180811,32.5393655,59.1,4.98,"Maputo Cidade","kamubukwana","ETAR","Entrada_ETAR","Aguas_residuais","Moore_swab","33.5",40,77,NA,NA,"",NA,NA,NA,"Sim","Sim",NA,"Sim","Sim","Nao","Sim","Sim","Nao",NA,"INOCÃŠNCIO","","uuid:515aacc7-74f3-4402-a959-943bdd7443a8"
"04/22/2025","IDSW100049",-25.9180933,32.5393139,59.1,4.72,"Maputo Cidade","kamubukwana","ETAR","Entrada_ETAR","Aguas_residuais","Grag_sample","33.5",40,77,NA,NA,"",NA,NA,NA,"Sim","Sim",NA,"Sim","Sim","Nao","Sim","Sim","Nao",NA,"INOCÃŠNCIO","","uuid:2eb1244e-aa5c-4617-88c5-2bfaf7202e1c"
"04/22/2025","IDSW100050",-25.9174455,32.538436,25.7000007629,4.85,"Maputo Cidade","kamubukwana","ETAR","Vala_esgoto_VE","Aguas_residuais","Moore_swab","33.5",40,77,NA,NA,"",NA,NA,NA,"Sim","Sim",NA,"Sim","Sim","Nao","Sim","Sim","Nao",NA,"INOCÃŠNCIO","","uuid:dd859ac4-56a4-4321-9b91-00a7cc59b7b7"
"04/22/2025","IDSW100051",-25.9174786,32.5384315,25.8000011444,4.883,"Maputo Cidade","kamubukwana","ETAR","Vala_esgoto_VE","Aguas_residuais","Grag_sample","33.5",40,77,NA,NA,"",NA,NA,NA,"Sim","Sim",NA,"Sim","Sim","Nao","Sim","Sim","Nao",NA,"INOCÃŠNCIO","","uuid:f168ff60-6bdc-41b0-90bc-7f272b467c1e"
"04/29/2025","IDSW100052",-25.9177364,32.5383756,10.2,4.983,"Maputo Cidade","kamubukwana","ETAR","Vala_esgoto_VE","Aguas_residuais","Torpidos","18.9",40,17,NA,NA,"",NA,NA,NA,"Sim","Sim",NA,"Sim","Sim","Nao","Nao","Nao","Nao",NA,"INOCÃŠNCIO","","uuid:8ede8826-a5fb-4d3f-8a6e-2621c82f7d3e"
"04/29/2025","IDSW100053",-25.9177826,32.5383336,11.1,4.966,"Maputo Cidade","kamubukwana","ETAR","Vala_esgoto_VE","Aguas_residuais","Moore_swab","18.9",40,17,NA,NA,"",NA,NA,NA,"Sim","Sim",NA,"Sim","Sim","","Sim","Sim","",NA,"INOCÃŠNCIO","","uuid:a33f46bd-da2c-4459-8d86-ad782f483563"
"04/29/2025","IDSW100055",-25.9183466,32.5392473,11.1,4.9,"Maputo Cidade","kamubukwana","ETAR","Entrada_ETAR","Aguas_residuais","Torpidos","18.9",40,17,NA,NA,"",NA,NA,NA,"Sim","Sim",NA,"Sim","Sim","","","","",NA,"INOCÃŠNCIO","","uuid:75d5f768-e84f-4562-b707-6d8f476a7c1c"
"04/29/2025","IDSW100056",-25.9184492,32.5392909,11.1,4.8,"Maputo Cidade","kamubukwana","ETAR","Entrada_ETAR","Aguas_residuais","Moore_swab","18.9",40,17,NA,NA,"",NA,NA,NA,"Sim","Sim",NA,"Sim","Sim","","Sim","Sim","",NA,"INOCÃŠNCIO","","uuid:6f1b5381-9bdf-4be7-8967-e8c6700057dc"
"04/29/2025","IDSW100057",-25.9183249,32.5392684,11.1,4.216,"Maputo Cidade","kamubukwana","ETAR","Entrada_ETAR","Aguas_residuais","Grag_sample","18.9",40,17,NA,NA,"",NA,NA,NA,"Sim","Sim",NA,"Sim","Sim","","Sim","Sim","",NA,"INOCÃŠNCIO","","uuid:bbc25bb9-6ecc-45aa-bf03-f48d91ba1cd5"
"04/29/2025","IDSW100058",-25.9189429,32.5390805,11.1,4.666,"Maputo Cidade","kamubukwana","ETAR","Cam_Cistern_CC","Aguas_residuais","Torpidos","18.9",40,17,NA,NA,"",NA,NA,NA,"Sim","Sim",NA,"Sim","Sim","","","","",NA,"INOCÃŠNCIO e Diocreciano","","uuid:98e90c9e-d8a5-49e4-a139-93cd04b67ef3"
"04/29/2025","IDSW100059",-25.9189634,32.5390068,11.2,4.52,"Maputo Cidade","kamubukwana","ETAR","Cam_Cistern_CC","Aguas_residuais","Moore_swab","18.9",40,17,NA,NA,"",NA,NA,NA,"Sim","Sim",NA,"Sim","Sim","Nao","Sim","Sim","",NA,"INOCÃŠNCIO e DIOCRECIANO","","uuid:f1eac912-93b2-4d82-a0e0-a668ace88fef"
"04/29/2025","IDSW100060",-25.9189357,32.5391135,11.1,4.64,"Maputo Cidade","kamubukwana","ETAR","Cam_Cistern_CC","Aguas_residuais","Grag_sample","18.9",40,17,NA,NA,"",NA,NA,NA,"Sim","Sim",NA,"Sim","Sim","Nao","Sim","Sim","",NA,"InovaÃ§Ã£o e Diocreciano","","uuid:95a87aa8-6515-47bf-8878-9e0dfda7df63"
"04/29/2025","IDSW100054",-25.9179659,32.5380863,-65.1,4.72,"Maputo Cidade","kamubukwana","ETAR","Vala_esgoto_VE","Aguas_residuais","Grag_sample","18.9",40,17,NA,NA,"",NA,NA,NA,"Sim","Sim",NA,"Sim","Sim","Nao","Sim","Sim","",NA,"INOCÃŠNCIO","","uuid:9d6de6f8-923f-4e31-8b92-658890e734b1"
"05/06/2025","IDSW100062",-25.9189137,32.5384387,35.8,4.9,"Maputo Cidade","kamubukwana","ETAR","Cam_Cistern_CC","Aguas_residuais","Moore_swab","33.4",40,67,NA,NA,"",NA,NA,NA,"Sim","Sim",NA,"Sim","Sim","Nao","Sim","Sim","",NA,"INOCÃŠNCIO","","uuid:bd99adbe-a414-4768-8796-52c6906194b6"
"05/06/2025","IDSW100063",-25.918986,32.5386555,35.7,4.983,"Maputo Cidade","kamubukwana","ETAR","Cam_Cistern_CC","Aguas_residuais","Grag_sample","33.4",40,67,NA,NA,"",NA,NA,NA,"Sim","Sim",NA,"Sim","Sim","Nao","Sim","Sim","",NA,"INOCÃŠNCIO","","uuid:ef7a1473-9856-4c6d-b87b-283633d9cff9"
"05/06/2025","IDSW100064",-25.91828,32.5387733,35.5,4.8,"Maputo Cidade","kamubukwana","ETAR","Entrada_ETAR","Aguas_residuais","Torpidos","33.4",40,67,NA,NA,"",NA,NA,NA,"Sim","Sim",NA,"Sim","Sim","Nao","Nao","Nao","",NA,"INOCÃŠNCIO","","uuid:e1619efd-a139-4414-aed6-34a555573ffb"
"05/06/2025","IDSW100065",-25.918302,32.5396129,35,4.866,"Maputo Cidade","kamubukwana","ETAR","Entrada_ETAR","Aguas_residuais","Moore_swab","33.4",40,67,NA,NA,"",NA,NA,NA,"Sim","Sim",NA,"Sim","Sim","Nao","Sim","Sim","",NA,"INOCÃŠNCIO","","uuid:2272c37b-17c3-41dc-88a8-9d420fae49a2"
"05/06/2025","IDSW100066",-25.9183152,32.5392685,34.5,4.583,"Maputo Cidade","kamubukwana","ETAR","Entrada_ETAR","Aguas_residuais","Grag_sample","33.4",40,67,NA,NA,"",NA,NA,NA,"Sim","Sim",NA,"Sim","Sim","Nao","Sim","Sim","",NA,"INOCÃŠNCIO","","uuid:6f591997-b72d-488e-9621-ce01a4c496bc"
"05/06/2025","IDSW100067",-25.9176265,32.5383152,25.8000011444,4.75,"Maputo Cidade","kamubukwana","ETAR","Vala_esgoto_VE","Aguas_residuais","Grag_sample","33.4",40,67,NA,NA,"",NA,NA,NA,"Sim","Sim",NA,"Sim","Sim","Nao","Sim","Sim","",NA,"INOCÃŠNCIO","","uuid:b8e837c1-78df-438a-b2a3-6315dcf7030c"
"05/06/2025","IDSW100061",-25.9189983,32.5388383,73.0999984741,3.8,"Maputo Cidade","kamubukwana","ETAR","Cam_Cistern_CC","Aguas_residuais","Torpidos","33.4",40,67,NA,NA,"",NA,NA,NA,"Sim","Sim",NA,"Sim","Sim","Nao","Nao","Nao","",NA,"INOCÃŠNCIO","","uuid:81bb6697-aed6-4ac6-b972-726ccbfbcb09"
"05/13/2025","IDSW100068",-25.9190577,32.5389353,12.5,4.9,"Maputo Cidade","kamubukwana","ETAR","Cam_Cistern_CC","Aguas_residuais","Torpidos","25.6",40,57,NA,NA,"",NA,NA,NA,"Sim","Sim",NA,"Sim","Sim","","","","",NA,"INOCÃŠNCIO","","uuid:4aed3bb5-d8b4-492b-99ee-14cd632d945d"
"05/13/2025","IDSW100069",-25.9190357,32.5389199,15.4,4.766,"Maputo Cidade","kamubukwana","ETAR","Cam_Cistern_CC","Aguas_residuais","Moore_swab","25.6",40,57,NA,NA,"",NA,NA,NA,"Sim","Sim",NA,"Sim","Sim","","Sim","Sim","",NA,"INOCÃŠNCIO","","uuid:bd3d868d-25c4-4752-8272-c7c042c1d4a5"
"05/13/2025","IDSW100070",-25.9189744,32.5389043,17.8,4.925,"Maputo Cidade","kamubukwana","ETAR","Cam_Cistern_CC","Aguas_residuais","Grag_sample","25.6",40,57,NA,NA,"",NA,NA,NA,"Sim","Sim",NA,"Sim","Sim","","Sim","Sim","",NA,"INOCÃŠNCIO","","uuid:988a1bb5-3b08-4130-abdc-cb1b9a17efa4"
"05/13/2025","IDSW100071",-25.918444,32.5392476,8.8,4.84,"Maputo Cidade","kamubukwana","ETAR","Entrada_ETAR","Aguas_residuais","Torpidos","25.6",40,57,NA,NA,"",NA,NA,NA,"Sim","Sim",NA,"Sim","Sim","","","","",NA,"INOCÃŠNCIO","","uuid:d9040fad-15eb-4d76-b703-eb41ca2c1e2a"
"05/13/2025","IDSW100072",-25.9184465,32.5392338,9.9,4.766,"Maputo Cidade","kamubukwana","ETAR","Entrada_ETAR","Aguas_residuais","Moore_swab","25.6",40,57,NA,NA,"",NA,NA,NA,"Sim","Sim",NA,"Sim","Sim","","Sim","Sim","",NA,"INOCÃŠNCIO","","uuid:9e97ccd2-8c30-4d90-9726-091be2711238"
"05/13/2025","IDSW100073",-25.9184633,32.5392043,9.7,4.8,"Maputo Cidade","kamubukwana","ETAR","Entrada_ETAR","Aguas_residuais","Grag_sample","25.6",40,57,NA,NA,"",NA,NA,NA,"Sim","Sim",NA,"Sim","Sim","","Sim","Sim","",NA,"INOCÃŠNCIO","","uuid:44150237-4f38-4542-bff7-fc8d536dfa23"
"05/13/2025","IDSW100074",-25.917525,32.538225,67.4,4.8,"Maputo Cidade","kamubukwana","ETAR","Vala_esgoto_VE","Aguas_residuais","Torpidos","25.6",40,57,NA,NA,"",NA,NA,NA,"Sim","Sim",NA,"Sim","Sim","","Sim","Sim","",NA,"INOCÃŠNCIO","","uuid:539dc04c-d38f-455c-9257-24e56beb6ed3"
"05/13/2025","IDSW100075",-25.9175993,32.5382494,66.7,4.75,"Maputo Cidade","kamubukwana","ETAR","Vala_esgoto_VE","Aguas_residuais","Moore_swab","25.6",40,57,NA,NA,"",NA,NA,NA,"Sim","Sim",NA,"Sim","Sim","","Sim","Sim","",NA,"INOCÃŠNCIO","","uuid:c7d4bdb5-559f-4f2f-8e56-38154a369060"
"05/13/2025","IDSW100076",-25.9175545,32.5381683,67,4.96,"Maputo Cidade","kamubukwana","ETAR","Vala_esgoto_VE","Aguas_residuais","Grag_sample","25.6",40,57,NA,NA,"",NA,NA,NA,"Sim","Sim",NA,"Sim","Sim","","Sim","Sim","",NA,"INOCÃŠNCIO","","uuid:ad4ad6a6-517a-4447-a04d-f7d09aa5cc10"
"05/20/2025","IDSW100121",-25.919035,32.538925,-22.1000003815,4.9,"Maputo Cidade","kamubukwana","ETAR","Cam_Cistern_CC","Aguas_residuais","Torpidos","35.1",40,67,NA,NA,"",NA,NA,NA,"Sim","Sim",NA,"Sim","Sim","","Nao","Nao","",NA,"INOCÃŠNCIO","","uuid:026e7aa7-e50d-4081-aa43-bd0558db1a14"
"05/20/2025","IDSW100122",-25.9189937,32.5389335,-22.1000003815,4.66,"Maputo Cidade","kamubukwana","ETAR","Cam_Cistern_CC","Aguas_residuais","Moore_swab","35.1",40,67,NA,NA,"",NA,NA,NA,"Sim","Sim",NA,"Sim","Sim","","Nao","","",NA,"INOCÃŠNCIO","","uuid:d78730c9-3e7f-43d2-ac6d-609724eb14a6"
"05/20/2025","IDSW100123",-25.9190454,32.5388999,48.6,4.86,"Maputo Cidade","kamubukwana","ETAR","Cam_Cistern_CC","Aguas_residuais","Grag_sample","35.1",40,67,NA,NA,"",NA,NA,NA,"Sim","Sim",NA,"Sim","Sim","","","","",NA,"INOCÃŠNCIO","","uuid:361cdcb6-e946-44df-b4e6-b5d59eb307c9"
"05/20/2025","IDSW100124",-25.9184251,32.5392253,47,4.9,"Maputo Cidade","kamubukwana","ETAR","Entrada_ETAR","Aguas_residuais","Torpidos","35.1",40,67,NA,NA,"",NA,NA,NA,"Sim","Sim",NA,"Sim","Sim","","","","",NA,"INOCÃŠNCIO","","uuid:846a021d-a9e1-4b33-841e-b287b9f4291c"
"05/20/2025","IDSW100125",-25.9184025,32.5392376,46.9,4.66,"Maputo Cidade","kamubukwana","ETAR","Entrada_ETAR","Aguas_residuais","Moore_swab","35.1",40,67,NA,NA,"",NA,NA,NA,"Sim","Sim",NA,"Sim","Sim","","Sim","Sim","",NA,"INOCÃŠNCIO","","uuid:62e58319-3314-4e63-89ba-a96f2d3b1a83"
"05/20/2025","IDSW100126",-25.9184461,32.5391836,46.8,4.916,"Maputo Cidade","kamubukwana","ETAR","Entrada_ETAR","Aguas_residuais","Grag_sample","35.1",40,67,NA,NA,"",NA,NA,NA,"Sim","Sim",NA,"Sim","Sim","","Sim","Sim","",NA,"INOCÃŠNCIO","","uuid:ddd88bbd-bdbc-4f1e-9b55-ba05903c88f4"
"05/20/2025","IDSW100128",-25.9177962,32.5382684,-22.1000003815,4.95,"Maputo Cidade","kamubukwana","ETAR","Vala_esgoto_VE","Aguas_residuais","Moore_swab","35.1",40,67,NA,NA,"",NA,NA,NA,"Sim","Sim",NA,"Sim","Sim","","Sim","Sim","",NA,"INOCÃŠNCIO","","uuid:657501b6-3b14-46b5-b525-a141538680a0"
"05/20/2025","IDSW100127",-25.9177784,32.5383294,-22,4.8,"Maputo Cidade","kamubukwana","ETAR","Vala_esgoto_VE","Aguas_residuais","Torpidos","35.1",40,67,NA,NA,"",NA,NA,NA,"Sim","Sim",NA,"Sim","Sim","","Sim","Sim","",NA,"INOCÃŠNCIO","","uuid:d4488fde-f7c7-4e18-8b50-02553d8c713c"
"05/20/2025","IDSW100129",-25.9177965,32.538299,-22,4.8,"Maputo Cidade","kamubukwana","ETAR","Vala_esgoto_VE","Aguas_residuais","Grag_sample","35.1",40,67,NA,NA,"",NA,NA,NA,"Sim","Sim",NA,"Sim","Sim","","Sim","Sim","Nao",NA,"INOCÃŠNCIO","","uuid:5bebd392-daaf-4ec4-bac6-ca47d9fc9df3"
"05/27/2025","IDSW100081",-25.9190051,32.538917,26.4,4.916,"Maputo Cidade","kamubukwana","ETAR","Cam_Cistern_CC","Aguas_residuais","Torpidos","28.2",40,57,NA,NA,"",NA,NA,NA,"Sim","Sim",NA,"Sim","Sim","","Nao","","",NA,"INOCÃŠNCIO","","uuid:8cacc3ce-f6e0-4ad4-b741-0fe99679709d"
"05/27/2025","IDSW100082",-25.9189199,32.5389614,27.9,4.7,"Maputo Cidade","kamubukwana","ETAR","Cam_Cistern_CC","Aguas_residuais","Moore_swab","40",40,28.2,NA,NA,"",NA,NA,NA,"Sim","Sim",NA,"Sim","Sim","","","","",NA,"INOCÃŠNCIO","","uuid:82b53f0b-af1a-41e7-81e2-739b28ca1cda"
"05/27/2025","IDSW100083",-25.9190664,32.5390569,36.7,4.733,"Maputo Cidade","kamubukwana","ETAR","Cam_Cistern_CC","Aguas_residuais","Grag_sample","28.2",40,57,NA,NA,"",NA,NA,NA,"Sim","Sim",NA,"Sim","Sim","","","","",NA,"INOCÃŠNCIO","","uuid:0f146e61-eb81-467b-8926-861e663b1b9b"
"05/27/2025","IDSW100084",-25.918588,32.5391847,32.7,4.483,"Maputo Cidade","kamubukwana","ETAR","Entrada_ETAR","Aguas_residuais","Torpidos","28.2",40,57,NA,NA,"",NA,NA,NA,"Sim","Sim",NA,"Sim","Sim","","","","",NA,"INOCÃŠNCIO","","uuid:a0d0e9f5-a7f9-4d09-8275-4cd90e2f236e"
"05/27/2025","IDSW100085",-25.9185331,32.5392374,32.7,4.75,"Maputo Cidade","kamubukwana","ETAR","Entrada_ETAR","Aguas_residuais","Moore_swab","28.2",40,57,NA,NA,"",NA,NA,NA,"Sim","Sim",NA,"Sim","Sim","","","","",NA,"INOCÃŠNCIO","","uuid:2b94caa3-7d03-4946-bed3-857ddb7a0dc9"
"05/27/2025","IDSW100086",-25.9185104,32.5391395,31.7,4.933,"Maputo Cidade","kamubukwana","ETAR","Entrada_ETAR","Aguas_residuais","Grag_sample","28.2",40,57,NA,NA,"",NA,NA,NA,"Sim","Sim",NA,"Sim","Sim","","","","",NA,"INOCÃŠNCIO","","uuid:a2405ce0-efc9-463f-aaf1-2dc6e4f7f417"
"05/27/2025","IDSW100087",-25.9177561,32.5383291,29,4.82,"Maputo Cidade","kamubukwana","ETAR","Vala_esgoto_VE","Aguas_residuais","Torpidos","28.2",40,57,NA,NA,"",NA,NA,NA,"Sim","Sim",NA,"Sim","Sim","","","","",NA,"INOCÃŠNCIO","","uuid:4d651733-3320-4f31-ae46-0538457e51a9"
"05/27/2025","IDSW100088",-25.9178644,32.5382999,28.4,4.666,"Maputo Cidade","kamubukwana","ETAR","Vala_esgoto_VE","Aguas_residuais","Moore_swab","28,2",40,57,NA,NA,"",NA,NA,NA,"Sim","Sim",NA,"Sim","Sim","","","","",NA,"INOCÃŠNCIO","","uuid:fcec9ac7-1046-4fa4-a564-d04d1193e452"
"05/27/2025","IDSW100089",-25.9177443,32.5383593,28.1,4.7,"Maputo Cidade","kamubukwana","ETAR","Vala_esgoto_VE","Aguas_residuais","Grag_sample","28.2",40,57,NA,NA,"",NA,NA,NA,"Sim","Sim",NA,"Sim","Sim","","","","",NA,"INOCÃŠNCIO","","uuid:e4f81bf3-6213-4a1d-8866-2bf22740caa3"
"06/03/2025","IDSW100090",-25.9190229,32.5389641,25.3000011444,4,"Maputo Cidade","kamubukwana","ETAR","Cam_Cistern_CC","Aguas_residuais","Torpidos","30.2",40,57,NA,NA,"",NA,NA,NA,"Sim","Sim",NA,"Sim","Sim","","","","",NA,"INOCÃŠNCIO","","uuid:7935d9e4-6e3c-42f5-baad-46abe0319c0e"
"06/03/2025","IDSW100091",-25.9190072,32.5389665,25.3000011444,4.333,"Maputo Cidade","kamubukwana","ETAR","Cam_Cistern_CC","Aguas_residuais","Moore_swab","30.2",40,57,NA,NA,"",NA,NA,NA,"Sim","Sim",NA,"Sim","Sim","","Sim","Sim","",NA,"INOCÃŠNCIO","","uuid:50b56ca9-11bd-47a2-ac99-8c9f8cd996c2"
"06/03/2025","IDSW100092",-25.9189898,32.5389645,25.3000011444,4.45,"Maputo Cidade","kamubukwana","ETAR","Cam_Cistern_CC","Aguas_residuais","Grag_sample","30.2",40,57,NA,NA,"",NA,NA,NA,"Sim","Sim",NA,"Sim","Sim","","Sim","Sim","",NA,"INOCÃŠNCIO","","uuid:7c3b9a88-5fa6-49e7-a893-58b1b9c5ac87"
"06/03/2025","IDSW100093",-25.9184,32.5392395,34.2,4.95,"Maputo Cidade","kamubukwana","ETAR","Entrada_ETAR","Aguas_residuais","Torpidos","30.2",40,57,NA,NA,"",NA,NA,NA,"Sim","Sim",NA,"Sim","Sim","","","","",NA,"INOCÃŠNCIO","","uuid:50f69805-b20a-4460-ab81-a86ef15ebe49"
"06/03/2025","IDSW100094",-25.9184684,32.5392391,34.9,4.95,"Maputo Cidade","kamubukwana","ETAR","Entrada_ETAR","Aguas_residuais","Moore_swab","30.2",40,57,NA,NA,"",NA,NA,NA,"Sim","Sim",NA,"Sim","Sim","","Sim","Sim","",NA,"INOCÃŠNCIO","","uuid:2b966757-43fc-49e7-9fe7-69ff79bb3053"
"06/03/2025","IDSW100095",-25.9185237,32.539105,34.4,4.983,"Maputo Cidade","kamubukwana","ETAR","Entrada_ETAR","Aguas_residuais","Grag_sample","30.2",40,57,NA,NA,"",NA,NA,NA,"Sim","Sim",NA,"Sim","Sim","","Sim","Sim","",NA,"INOCÃŠNCIO","","uuid:16fe7a38-1231-4ef1-a45d-c5605301c23a"
"06/03/2025","IDSW100096",-25.9177934,32.5383044,43.7,4.816,"Maputo Cidade","kamubukwana","ETAR","Vala_esgoto_VE","Aguas_residuais","Torpidos","30.2",40,57,NA,NA,"",NA,NA,NA,"Sim","Sim",NA,"Sim","Sim","","","","",NA,"INOCÃŠNCIO","","uuid:9e40b33a-7714-49cd-8b59-200ccf32a200"
"06/03/2025","IDSW100097",-25.9178411,32.5383293,45,4.85,"Maputo Cidade","kamubukwana","ETAR","Vala_esgoto_VE","Aguas_residuais","Moore_swab","30.2",40,57,NA,NA,"",NA,NA,NA,"Sim","Sim",NA,"Sim","Sim","","Sim","Sim","",NA,"INOCÃŠNCIO","","uuid:e04f323b-6d2c-4654-b889-aa4513a6f436"
"06/03/2025","IDSW100098",-25.8860105,32.5650176,81,8.4,"Maputo Cidade","kamubukwana","ETAR","Vala_esgoto_VE","Aguas_residuais","Grag_sample","28.2",40,57,NA,NA,"",NA,NA,NA,"Sim","Sim",NA,"Sim","Sim","Nao","Nao","Nao","Nao",NA,"INOCÃŠNCIO","","uuid:b0c42eca-1b24-4883-8484-795181ffa534"
"06/10/2025","IDSW100101",-25.9190293,32.5389589,21.6,4.95,"Maputo Cidade","kamubukwana","ETAR","Cam_Cistern_CC","Aguas_residuais","Grag_sample","27,1",40,27,NA,NA,"",NA,NA,NA,"Sim","Sim",NA,"Sim","Sim","","","","",NA,"INOCÃŠNCIO","","uuid:469e05eb-1aad-42dd-9d56-eb6f494d0954"
"06/10/2025","IDSW100102",-25.9181283,32.5395831,22.2,4.68,"Maputo Cidade","kamubukwana","ETAR","Entrada_ETAR","Aguas_residuais","Torpidos","27.1",40,27,NA,NA,"",NA,NA,NA,"Sim","Sim",NA,"Sim","Sim","","","","",NA,"INOCÃŠNCIO","","uuid:0115b8d2-17a4-474c-bc1b-6a60d41d9196"
"06/10/2025","IDSW100103",-25.9184577,32.5392586,22,4.72,"Maputo Cidade","kamubukwana","ETAR","Entrada_ETAR","Aguas_residuais","Moore_swab","27.1",40,27,NA,NA,"",NA,NA,NA,"Sim","Sim",NA,"Sim","Sim","","","","",NA,"INOCÃŠNCIO","","uuid:a71db337-6c90-4df6-beea-f62b350a1fbe"
"06/10/2025","IDSW100104",-25.9186714,32.5387638,-42.9,4.78,"Maputo Cidade","kamubukwana","ETAR","Entrada_ETAR","Aguas_residuais","Grag_sample","27.1",40,27,NA,NA,"",NA,NA,NA,"Sim","Sim",NA,"Sim","Sim","","","","",NA,"INOCÃŠNCIO","","uuid:3afa323c-8c8b-427e-87dc-982c32c9e64a"
"06/10/2025","IDSW100105",-25.9177191,32.5380496,-42.8,5,"Maputo Cidade","kamubukwana","ETAR","Vala_esgoto_VE","Aguas_residuais","Torpidos","27.1",40,27,NA,NA,"",NA,NA,NA,"Sim","Sim",NA,"Sim","Sim","","","","",NA,"INOCÃŠNCIO","","uuid:707f3f53-b063-4596-9dc3-210ef4852052"
"06/10/2025","IDSW100106",-25.9178012,32.5380334,-42.6,4.72,"Maputo Cidade","kamubukwana","ETAR","Vala_esgoto_VE","Aguas_residuais","Moore_swab","27.1",40,27,NA,NA,"",NA,NA,NA,"Sim","Sim",NA,"Sim","Sim","","","","",NA,"INOCÃŠNCIO","","uuid:6ee503ff-631b-4c29-9c19-db6861145d7d"
"06/10/2025","IDSW100107",-25.9177811,32.5380069,-42.4,4.96,"Maputo Cidade","kamubukwana","ETAR","Vala_esgoto_VE","Aguas_residuais","Grag_sample","27.1",40,27,NA,NA,"",NA,NA,NA,"Sim","Sim",NA,"Sim","Sim","","","","",NA,"INOCÃŠNCIO","","uuid:50b66ee9-3065-488d-8584-a705dec234ae"
"06/10/2025","IDSW100099",-25.9190098,32.5389049,19.5,4.916,"Maputo Cidade","kamubukwana","ETAR","Entrada_ETAR","Aguas_residuais","Torpidos","27,1",40,47,NA,NA,"",NA,NA,NA,"Sim","Sim",NA,"Sim","Sim","","","","",NA,"INOCÃŠNCIO","","uuid:e9e4500a-dd72-41eb-bdb9-8849059465d9"
"06/10/2025","IDSW100100",-25.9190112,32.5388989,21.7,4.98,"Maputo Cidade","kamubukwana","ETAR","Cam_Cistern_CC","Aguas_residuais","Moore_swab","27,1",40,27,NA,NA,"",NA,NA,NA,"Sim","Sim",NA,"Sim","Sim","","","","",NA,"INOCÃŠNCIO","","uuid:b0df05fb-bb2d-4966-b499-515955d12224"
"06/17/2025","IDSW100109",-25.9190265,32.5388978,32,4.742,"Maputo Cidade","kamubukwana","ETAR","Cam_Cistern_CC","Aguas_residuais","Moore_swab","25.1",40,51,NA,NA,"",NA,NA,NA,"Sim","Sim",NA,"Sim","Sim","Nao","Nao","Nao","Nao",NA,"INOCÃŠNCIO","","uuid:9e442655-9bb6-472b-964f-1b1c87f2418f"
"06/17/2025","IDSW100110",-25.9189457,32.5388926,32.4,4.5,"Maputo Cidade","kamubukwana","ETAR","Cam_Cistern_CC","Aguas_residuais","Grag_sample","25.1",40,51,NA,NA,"",NA,NA,NA,"Sim","Sim",NA,"Sim","Sim","Nao","Nao","Nao","Nao",NA,"INOCÃŠNCIO","","uuid:1cbd1206-2fd1-4ae1-a098-9db03edf3118"
"06/17/2025","IDSW100111",-25.9184632,32.5392245,23.2,4.983,"Maputo Cidade","kamubukwana","ETAR","Entrada_ETAR","Aguas_residuais","Torpidos","27.4",40,67,NA,NA,"",NA,NA,NA,"Sim","Sim",NA,"Sim","Sim","","","","",NA,"INOCÃŠNCIO","","uuid:be79bea3-aa58-49c3-a89b-0488f3b9665e"
"06/17/2025","IDSW100112",-25.9184715,32.5391757,24.4,4.766,"Maputo Cidade","kamubukwana","ETAR","Entrada_ETAR","Aguas_residuais","Moore_swab","25.8",40,57,NA,NA,"",NA,NA,NA,"Sim","Sim",NA,"Sim","Sim","","","","",NA,"INOCÃŠNCIO","","uuid:138c6b7d-283b-4119-b563-71bd8a1de7aa"
"06/17/2025","IDSW100113",-25.9184986,32.5391188,24.4,4.983,"Maputo Cidade","kamubukwana","ETAR","Entrada_ETAR","Aguas_residuais","Grag_sample","25.4",40,57,NA,NA,"",NA,NA,NA,"Sim","Sim",NA,"Sim","Sim","","","","",NA,"INOCÃŠNCIO","","uuid:90405215-541b-4f15-a316-f3729fbef84e"
"06/17/2025","IDSW100114",-25.9177177,32.5382461,24.3,4.966,"Maputo Cidade","kamubukwana","ETAR","Vala_esgoto_VE","Aguas_residuais","Torpidos","25.8",40,57,NA,NA,"",NA,NA,NA,"Sim","Sim",NA,"Sim","Sim","","","","",NA,"INOCÃŠNCIO","","uuid:a23cc800-2f10-4fc2-96a6-3a6d1c8c939e"
"06/17/2025","IDSW100115",-25.9177718,32.5382408,24.9,4.9,"Maputo Cidade","kamubukwana","ETAR","Vala_esgoto_VE","Aguas_residuais","Moore_swab","25.7",40,57,NA,NA,"",NA,NA,NA,"Sim","Sim",NA,"Sim","Sim","","","","",NA,"INOCÃŠNCIO","","uuid:83cf5656-2199-4052-9176-9dbc317a5f33"
"06/17/2025","IDSW100116",-25.9177334,32.5383346,25,4.983,"Maputo Cidade","kamubukwana","ETAR","Vala_esgoto_VE","Aguas_residuais","Grag_sample","25.7",40,57,NA,NA,"",NA,NA,NA,"Sim","Sim",NA,"Sim","Sim","","","","",NA,"INOCÃŠNCIO","","uuid:1933df55-61e5-4686-b0a7-204f5fa51873"
"06/17/2025","IDSW100108",-25.9189636,32.5389386,32.7,4.616,"Maputo Cidade","kamubukwana","ETAR","Cam_Cistern_CC","Aguas_residuais","Torpidos","25.1",40,57,NA,NA,"",NA,NA,NA,"Sim","Sim",NA,"Sim","Sim","Nao","Nao","Nao","Nao",NA,"INOCÃŠNCIO","","uuid:86222f9f-2941-4769-9b24-060e819297de"
"06/24/2025","IDSW100117",-25.9187637,32.5390971,-22.2000007629,4.78,"Maputo Cidade","kamubukwana","ETAR","Cam_Cistern_CC","Aguas_residuais","Torpidos","19.8",40,17,NA,NA,"",NA,NA,NA,"Sim","Sim",NA,"Sim","Sim","","","","",NA,"INOCÃŠNCIO","","uuid:7989ca60-a8e2-4399-bbdf-4e5a522ca69a"
"06/24/2025","IDSW100118",-25.9187623,32.5390836,-22.2000007629,4.983,"Maputo Cidade","kamubukwana","ETAR","Cam_Cistern_CC","Aguas_residuais","Moore_swab","19.8",40,17,NA,NA,"INOCÃŠNCIO",NA,NA,NA,"Sim","Sim",NA,"Sim","Sim","","","","",NA,"","","uuid:d22e70e9-8e13-4ace-a2b7-7543a7637a24"
"06/24/2025","IDSW100119",-25.9187778,32.5390724,-22.2000007629,4.433,"Maputo Cidade","kamubukwana","ETAR","Cam_Cistern_CC","Aguas_residuais","Grag_sample","19,8",40,17,NA,NA,"",NA,NA,NA,"Sim","Sim",NA,"Sim","Sim","","","","",NA,"INOCÃŠNCIO","","uuid:29e03ecf-1243-49d7-922e-59e2d997e43d"
"06/24/2025","IDSW100120",-25.9183892,32.5392092,15.3,4.816,"Maputo Cidade","kamubukwana","ETAR","Entrada_ETAR","Aguas_residuais","Torpidos","19,8",40,17,NA,NA,"",NA,NA,NA,"Sim","Sim",NA,"Sim","Sim","","","","",NA,"INOCÃŠNCIO","","uuid:17ea20a4-dfbc-429a-8bab-88f805a1ef14"
"06/24/2025","IDSW100130",-25.918415,32.5392367,15.9,2.7,"Maputo Cidade","kamubukwana","ETAR","Entrada_ETAR","Aguas_residuais","Moore_swab","19,8",40,17,NA,NA,"",NA,NA,NA,"Sim","Sim",NA,"Sim","Sim","","","","",NA,"INOCÃŠNCIO","","uuid:3048ac35-b43e-4a84-bd03-470be78ac492"
"06/24/2025","IDSW100131",-25.9183968,32.539227,16.2,4.9,"Maputo Cidade","kamubukwana","ETAR","Entrada_ETAR","Aguas_residuais","Grag_sample","19,8",40,17,NA,NA,"",NA,NA,NA,"Sim","Sim",NA,"Sim","Sim","","","","",NA,"INOCÃŠNCIO","","uuid:5da27674-ff95-4802-9cdd-a28a9eaaefd7"
"06/24/2025","IDSW100132",-25.9177099,32.5382874,19.9,4.64,"Maputo Cidade","kamubukwana","ETAR","Vala_esgoto_VE","Aguas_residuais","Torpidos","19.8",40,17,NA,NA,"",NA,NA,NA,"Sim","Sim",NA,"Sim","Sim","","","","",NA,"INOCÃŠNCIO","","uuid:c0a41634-78cc-4009-938a-d7d64ba84a04"
"06/24/2025","IDSW100133",-25.9177302,32.5382923,20.3,3.883,"Maputo Cidade","kamubukwana","ETAR","Vala_esgoto_VE","Aguas_residuais","Moore_swab","19.8",40,17,NA,NA,"",NA,NA,NA,"Sim","Sim",NA,"Sim","Sim","","","","",NA,"INOCÃŠNCIO","","uuid:bb908e79-42f9-4e23-bffd-a02e846dff6d"
"06/24/2025","IDSW100134",-25.9177345,32.5384092,20,4.883,"Maputo Cidade","kamubukwana","ETAR","Vala_esgoto_VE","Aguas_residuais","Grag_sample","19.8",40,17,NA,NA,"",NA,NA,NA,"Sim","Sim",NA,"Sim","Sim","","","","",NA,"INOCÃŠNCIO","","uuid:a7039aba-1951-4bbd-bed5-f817bb0f0560"
"07/01/2025","IDSW100135",-25.9188015,32.5390996,36,4.966,"Maputo Cidade","kamubukwana","ETAR","Cam_Cistern_CC","Aguas_residuais","Torpidos","24",40,67,NA,NA,"",NA,NA,NA,"Sim","Sim",NA,"Sim","Sim","","","","Nao",NA,"INOCÃŠNCIO","","uuid:54f9a60a-0e34-4929-b353-5433196fcdc3"
"07/01/2025","IDSW100136",-25.9186989,32.5391391,36.2,4.166,"Maputo Cidade","kamubukwana","ETAR","Cam_Cistern_CC","Aguas_residuais","Moore_swab","24",40,67,NA,NA,"",NA,NA,NA,"Sim","Sim",NA,"Sim","Sim","","","","",NA,"INOCÃŠNCIO","","uuid:abbfa8af-c298-47a2-a466-199c20109039"
"07/01/2025","IDSW100137",-25.9187372,32.5391156,35.3,4.15,"Maputo Cidade","kamubukwana","ETAR","Cam_Cistern_CC","Aguas_residuais","Grag_sample","24",40,67,NA,NA,"",NA,NA,NA,"Sim","Sim",NA,"Sim","Sim","","","","",NA,"INOCÃŠNCIO","","uuid:935be52d-3045-4be9-ae84-c368c30b5ba6"
"07/01/2025","IDSW100138",-25.9184305,32.5392283,35,4.7,"Maputo Cidade","kamubukwana","ETAR","Entrada_ETAR","Aguas_residuais","Torpidos","24",40,67,NA,NA,"",NA,NA,NA,"Sim","Sim",NA,"Sim","Sim","","","","",NA,"INOCÃŠNCIO","","uuid:e1c879f3-76a4-4055-81b7-a0222757633d"
"07/01/2025","IDSW100139",-25.9184404,32.5392286,34.5,4.1,"Maputo Cidade","kamubukwana","ETAR","Entrada_ETAR","Aguas_residuais","Moore_swab","24",40,67,NA,NA,"",NA,NA,NA,"Sim","Sim",NA,"Sim","Sim","","","","",NA,"INOCÃŠNCIO","","uuid:617da2bb-fd80-4056-9f3b-61b20b84bae7"
"07/01/2025","IDSW100140",-25.91849,32.5392358,33.6,4.875,"Maputo Cidade","kamubukwana","ETAR","Entrada_ETAR","Aguas_residuais","Grag_sample","24",40,67,NA,NA,"",NA,NA,NA,"Sim","Sim",NA,"Sim","Sim","Sim","","","",NA,"INOCÃŠNCIO","","uuid:d1b956b1-080e-43af-b986-7943fc110a05"
"07/01/2025","IDSW100141",-25.9175972,32.5383342,44.1,4.9,"Maputo Cidade","kamubukwana","ETAR","Vala_esgoto_VE","Aguas_residuais","Torpidos","24",40,67,NA,NA,"",NA,NA,NA,"Sim","Sim",NA,"Sim","Sim","","","","",NA,"INOCÃŠNCIO","","uuid:1dc2e9bf-552f-4944-851c-685a46a0a22b"
"07/01/2025","IDSW100142",-25.9176807,32.5382983,43.4,4.983,"Maputo Cidade","kamubukwana","ETAR","Vala_esgoto_VE","Aguas_residuais","Moore_swab","24",40,67,NA,NA,"",NA,NA,NA,"Sim","Sim",NA,"Sim","Sim","","","","",NA,"INOCÃŠNCIO","","uuid:4f4eb9ab-cda6-48ab-85fa-d528cf4786b6"
"07/01/2025","IDSW100143",-25.91782,32.5383545,43.3,4.983,"Maputo Cidade","kamubukwana","ETAR","Vala_esgoto_VE","Aguas_residuais","Grag_sample","24",40,67,NA,NA,"",NA,NA,NA,"Sim","Sim",NA,"Sim","Sim","","","","",NA,"INOCÃŠNCIO","","uuid:a3e5e1df-48c3-48ed-a6d7-cf4a6315185a"
"07/08/2025","IDSW100144",-25.9187785,32.5391007,18.6,3.92,"Maputo Cidade","kamubukwana","ETAR","Cam_Cistern_CC","Aguas_residuais","Torpidos","22.7",40,57,NA,NA,"",NA,NA,NA,"Sim","Sim",NA,"Sim","Sim","Nao","Nao","Nao","",NA,"INOCÃŠNCIO  e Diosdelio","","uuid:3d2471b2-a715-4b4c-bcf7-3b6bdee87dad"
"07/08/2025","IDSW100145",-25.9187964,32.5390741,21.1,8.65,"Maputo Cidade","kamavota","ETAR","Cam_Cistern_CC","Aguas_residuais","Moore_swab","22.7",40,57,NA,NA,"",NA,NA,NA,"Sim","Sim",NA,"Sim","Sim","","","","",NA,"INOCÃŠNCIO e Dio","","uuid:f7faa2e6-7388-460e-88b8-07d0ca1dca58"
"07/08/2025","IDSW100146",-25.9188115,32.5390904,19.7,4.628,"Maputo Cidade","kamubukwana","ETAR","Cam_Cistern_CC","Aguas_residuais","Grag_sample","22.7",40,57,NA,NA,"",NA,NA,NA,"Sim","Sim",NA,"Sim","Sim","","","","",NA,"INOCÃŠNCIO e Dio","","uuid:de56d886-b3cb-4390-8c54-e5c82d01656a"
"07/08/2025","IDSW100147",-25.9184493,32.5392014,20.4,6.766,"Maputo Cidade","kamubukwana","ETAR","Entrada_ETAR","Aguas_residuais","Torpidos","22.7",40,57,NA,NA,"",NA,NA,NA,"Sim","Sim",NA,"Sim","Sim","Nao","Nao","Nao","Nao",NA,"INOCÃŠNCIO e Dio","","uuid:84c85745-ec07-4d56-9097-91b03782c473"
"07/08/2025","IDSW100148",-25.9183753,32.5391339,19.9,3.5,"Maputo Cidade","kamubukwana","ETAR","Entrada_ETAR","Aguas_residuais","Moore_swab","22.7",40,57,NA,NA,"",NA,NA,NA,"Sim","Sim",NA,"Sim","Sim","","","","",NA,"INOCÃŠNCIO e Dio","","uuid:a489f6d9-b3ff-4f91-b92c-3990153a7861"
"07/08/2025","IDSW100149",-25.918412,32.5392273,19.6,3.34,"Maputo Cidade","kamubukwana","ETAR","Entrada_ETAR","Aguas_residuais","Grag_sample","22.7",40,57,NA,NA,"",NA,NA,NA,"Sim","Sim",NA,"Sim","Sim","Nao","Nao","Nao","",NA,"INOCÃŠNCIO e Dio","","uuid:7becc151-15e0-44aa-a519-f7f142ca5a74"
"07/08/2025","IDSW100150",-25.9177514,32.5383166,-13,4.583,"Maputo Cidade","kamubukwana","ETAR","Vala_esgoto_VE","Aguas_residuais","Torpidos","22.7",40,57,NA,NA,"",NA,NA,NA,"Sim","Sim",NA,"Sim","Sim","Nao","Nao","Nao","",NA,"INOCÃŠNCIO e Dio","","uuid:67250a01-dcdd-4186-9f18-5a57b8fb10b0"
"07/08/2025","IDSW100151",-25.9177871,32.5382689,-13,4.485,"Maputo Cidade","kamubukwana","ETAR","Vala_esgoto_VE","Aguas_residuais","Moore_swab","22.7",40,57,NA,NA,"",NA,NA,NA,"Sim","Sim",NA,"Sim","Sim","","","","",NA,"INOCÃŠNCIO e Dio","","uuid:f281f0ce-aebc-4700-8221-7e6f7595b8ee"
"07/08/2025","IDSW100152",-25.9177366,32.5383022,-13,4.533,"Maputo Cidade","kamubukwana","ETAR","Vala_esgoto_VE","Aguas_residuais","Grag_sample","22.7",40,57,NA,NA,"",NA,NA,NA,"Sim","Sim",NA,"Sim","Sim","Nao","Nao","Nao","Nao",NA,"INOCÃŠNCIO e Dio","","uuid:565abe88-25b1-4eeb-95b7-4b1936b4d2cd"
"07/15/2025","IDSW100154",-25.9187265,32.5391148,-11.8999996185,4.08,"Maputo Cidade","kamubukwana","ETAR","Cam_Cistern_CC","Aguas_residuais","Moore_swab","21.3",40,51,NA,NA,"",NA,NA,NA,"Sim","Sim",NA,"Sim","Sim","","","","",NA,"INOCÃŠNCIO","","uuid:601e936e-d7e2-4c6e-a9cf-2fa350c9e808"
"07/15/2025","IDSW100153",-25.9187878,32.5390844,-11.8999996185,4.833,"Maputo Cidade","kamubukwana","ETAR","Cam_Cistern_CC","Aguas_residuais","Torpidos","21.3",40,51,NA,NA,"",NA,NA,NA,"Sim","Sim",NA,"Sim","Sim","","","","",NA,"INOCÃŠNCIO","","uuid:94fc8b0a-fe46-4eed-8093-6dc012101cf3"
"07/15/2025","IDSW100159",-25.9176818,32.5383537,-11.8999996185,4.228,"Maputo Cidade","kamubukwana","ETAR","Vala_esgoto_VE","Aguas_residuais","Torpidos","21.3",40,51,NA,NA,"",NA,NA,NA,"Sim","Sim",NA,"Sim","Sim","","","","",NA,"INOCÃŠNCIO","","uuid:596ce604-10ce-458a-b62a-d8a6848a89fd"
"07/15/2025","IDSW100160",-25.9177356,32.5382776,-11.8999996185,4.87,"Maputo Cidade","kamubukwana","ETAR","Vala_esgoto_VE","Aguas_residuais","Moore_swab","21.3",40,51,NA,NA,"",NA,NA,NA,"Sim","Sim",NA,"Sim","Sim","","","","",NA,"INOCÃŠNCIO","","uuid:170bca7d-88d9-427a-9f09-0a925cebfa2e"
"07/15/2025","IDSW100161",-25.9176934,32.5383668,-11.8999996185,4.337,"Maputo Cidade","kamubukwana","ETAR","Vala_esgoto_VE","Aguas_residuais","Grag_sample","21.3",40,51,NA,NA,"",NA,NA,NA,"Sim","Sim",NA,"Sim","Sim","","","","",NA,"INOCÃŠNCIO","","uuid:9055ec6a-85e2-4c65-be95-7fee2872f722"
"07/15/2025","IDSW100158",-25.9184201,32.5391663,-11.8999996185,3.533,"Maputo Cidade","kamubukwana","ETAR","Entrada_ETAR","Aguas_residuais","Grag_sample","21.3",40,51,NA,NA,"",NA,NA,NA,"Sim","Sim",NA,"Sim","Sim","","","","",NA,"INOCÃŠNCIO","","uuid:ebaf006b-e109-48d5-9c5a-43b4d1b01a35"
"07/15/2025","IDSW100157",-25.9183899,32.5390949,-11.8999996185,4.94,"Maputo Cidade","kamubukwana","ETAR","Entrada_ETAR","Aguas_residuais","Moore_swab","21.3",40,51,NA,NA,"",NA,NA,NA,"Sim","Sim",NA,"Sim","Sim","","","","",NA,"INOCÃŠNCIO","","uuid:6c21c4fb-404f-4b2b-96a8-6f74ba0e02b5"
"07/15/2025","IDSW100156",-25.9183587,32.5392429,-11.8999996185,4.5,"Maputo Cidade","kamubukwana","ETAR","Entrada_ETAR","Aguas_residuais","Torpidos","21.3",40,51,NA,NA,"",NA,NA,NA,"Sim","Sim",NA,"Sim","Sim","","","","",NA,"INOCÃŠNCIO","","uuid:2cd472b4-0d02-4ef1-8d87-e65d1c4f116a"
"07/15/2025","IDSW100155",-25.9187467,32.5390728,-11.8999996185,4.5,"Maputo Cidade","kamubukwana","ETAR","Cam_Cistern_CC","Aguas_residuais","Grag_sample","21.3",40,51,NA,NA,"",NA,NA,NA,"Sim","Sim",NA,"Sim","Sim","","","","",NA,"INOCÃŠNCIO","","uuid:812e92f2-0ec3-4ba5-93bf-ed5f70733e63"
"07/22/2025","IDSW100163",-25.9187699,32.5391301,38.2,4.76,"Maputo Cidade","kamubukwana","ETAR","Cam_Cistern_CC","Aguas_residuais","Moore_swab","27,9",40,57,NA,NA,"",NA,NA,NA,"Sim","Sim",NA,"Sim","Sim","","","","",NA,"INOCÃŠNCIO","","uuid:11c1e7cd-da90-40d8-ae89-42169aba3115"
"07/22/2025","IDSW100164",-25.9188258,32.5390982,36.5,4.616,"Maputo Cidade","kamubukwana","ETAR","Cam_Cistern_CC","Aguas_residuais","Grag_sample","27.9",40,57,NA,NA,"",NA,NA,NA,"Sim","Sim",NA,"Sim","Sim","","","","",NA,"INOCÃŠNCIO","","uuid:69e23749-ee91-4bac-95ba-b72865162352"
"07/22/2025","IDSW100165",-25.9185081,32.5391903,36,5,"Maputo Cidade","kamubukwana","ETAR","Entrada_ETAR","Aguas_residuais","Torpidos","27.9",40,57,NA,NA,"",NA,NA,NA,"Sim","Sim",NA,"Sim","Sim","","","","",NA,"INOCÃŠNCIO","","uuid:a4a2eac3-9504-4186-ab37-3296296de1e5"
"07/22/2025","IDSW100166",-25.9184945,32.5392388,35.1,4.78,"Maputo Cidade","kamubukwana","ETAR","Entrada_ETAR","Aguas_residuais","Moore_swab","27.9",40,57,NA,NA,"",NA,NA,NA,"Sim","Sim",NA,"Sim","Sim","","","","",NA,"INOCÃŠNCIO","","uuid:f87ba03a-713f-4673-a3ec-23a2c929655f"
"07/22/2025","IDSW100167",-25.918453,32.5392059,35.8,4.86,"Maputo Cidade","kamubukwana","ETAR","Entrada_ETAR","Aguas_residuais","Grag_sample","27.9",40,57,NA,NA,"",NA,NA,NA,"Sim","Sim",NA,"Sim","Sim","","","","",NA,"INOCÃŠNCIO","","uuid:07ab0ac4-6a70-4f55-9ea8-2e1dd3370553"
"07/22/2025","IDSW100168",-25.9177577,32.5382681,38,4.916,"Maputo Cidade","kamubukwana","ETAR","Vala_esgoto_VE","Aguas_residuais","Torpidos","27.9",40,57,NA,NA,"",NA,NA,NA,"Sim","Sim",NA,"Sim","Sim","","","","",NA,"INOCÃŠNCIO","","uuid:536c9d3a-3017-4bc7-92a6-2c1716cbfb54"
"07/22/2025","IDSW100169",-25.917803,32.5382665,36.7,4.683,"Maputo Cidade","kamubukwana","ETAR","Vala_esgoto_VE","Aguas_residuais","Moore_swab","27.9",40,57,NA,NA,"",NA,NA,NA,"Sim","Sim",NA,"Sim","Sim","","","","",NA,"INOCÃŠNCIO","","uuid:4b849c7e-ba81-4f21-8dda-58f1d696f149"
"07/22/2025","IDSW100170",-25.917768,32.5382884,36.6,4.983,"Maputo Cidade","kamubukwana","ETAR","Vala_esgoto_VE","Aguas_residuais","Grag_sample","27.9",40,57,NA,NA,"",NA,NA,NA,"Sim","Sim",NA,"Sim","Sim","","","","",NA,"INOCÃŠNCIO","","uuid:72957ecc-5d62-42bc-a120-e5a0f40274dc"
"07/22/2025","IDSW100162",-25.9189129,32.53902,51.5,4.82,"Maputo Cidade","kamubukwana","ETAR","Cam_Cistern_CC","Aguas_residuais","Torpidos","27.9",40,57,NA,NA,"",NA,NA,NA,"Sim","Sim",NA,"Sim","Sim","","","","",NA,"INOCÃŠNCIO OSCALDO","","uuid:a3d57f9f-a38a-42de-a325-2c5c18cdb72b"
"07/29/2025","IDSW100171",-25.9187475,32.5391059,-14.1999998093,4.9,"Maputo Cidade","kamubukwana","ETAR","Cam_Cistern_CC","Aguas_residuais","Torpidos","26.9",40,57,NA,NA,"",NA,NA,NA,"Sim","Sim",NA,"Sim","Sim","","","","",NA,"INOCÃŠNCIO","","uuid:bd87f48a-c3f7-4ba7-8e0c-ef38d43b1703"
"07/29/2025","IDSW100172",-25.9187603,32.5391225,-14.1999998093,4.416,"Maputo Cidade","kamubukwana","ETAR","Cam_Cistern_CC","Aguas_residuais","Moore_swab","26.9",40,57,NA,NA,"",NA,NA,NA,"Sim","Sim",NA,"Sim","Sim","","","","",NA,"INOCÃŠNCIO","","uuid:1b8bcad1-a7ac-44b4-86e9-66fe1748dd79"
"07/29/2025","IDSW100173",-25.9188741,32.5392042,-14.1999998093,4.7,"Maputo Cidade","kamubukwana","ETAR","Cam_Cistern_CC","Aguas_residuais","Grag_sample","26.9",26.9,40,NA,NA,"",NA,NA,NA,"Sim","Sim",NA,"Sim","Sim","","","","",NA,"INOCÃŠNCIO","","uuid:6f87e278-e3c0-4b12-bfee-3b4d5497ae48"
"07/29/2025","IDSW100174",-25.9184647,32.5392543,-14.1999998093,4.828,"Maputo Cidade","kamubukwana","ETAR","Entrada_ETAR","Aguas_residuais","Torpidos","26.9",40,57,NA,NA,"",NA,NA,NA,"Sim","Sim",NA,"Sim","Sim","","","","",NA,"INOCÃŠNCIO","","uuid:253968b5-b8e5-4c91-b77e-07efe138832a"
"07/29/2025","IDSW100175",-25.9184583,32.539255,-14.1999998093,3.3,"Maputo Cidade","kamubukwana","ETAR","Entrada_ETAR","Aguas_residuais","Moore_swab","26.9",40,57,NA,NA,"",NA,NA,NA,"Sim","Sim",NA,"Sim","Sim","","","","",NA,"INOCÃŠNCIO","","uuid:05ce0c91-865d-4052-9b62-672eb7fe988e"
"07/29/2025","IDSW100176",-25.9183756,32.5391489,-14.1999998093,3.9,"Maputo Cidade","kamubukwana","ETAR","Entrada_ETAR","Aguas_residuais","Grag_sample","26.9",40,57,NA,NA,"",NA,NA,NA,"Sim","Sim",NA,"Sim","Sim","","","","",NA,"INOCÃŠNCIO","","uuid:dff8272f-ae41-4d25-a885-52af930b00ee"
"07/29/2025","IDSW100177",-25.9176695,32.5381779,-14.0999994278,4.983,"Maputo Cidade","kamubukwana","ETAR","Vala_esgoto_VE","Aguas_residuais","Torpidos","26.9",40,57,NA,NA,"",NA,NA,NA,"Sim","Sim",NA,"Sim","Sim","","","","",NA,"INOCÃŠNCIO","","uuid:e6fdd179-b39c-4142-b94b-ae4073a7d775"
"07/29/2025","IDSW100178",-25.9176428,32.5383568,-14.1999998093,3.96,"Maputo Cidade","kamubukwana","ETAR","Vala_esgoto_VE","Aguas_residuais","Moore_swab","26.9",40,57,NA,NA,"",NA,NA,NA,"Sim","Sim",NA,"Sim","Sim","","","","",NA,"INOCÃŠNCIO","","uuid:2be30ebf-84ae-4404-9f7d-ca030a6536d4"
"07/29/2025","IDSW100179",-25.9177698,32.5383629,-14.0999994278,4.566,"Maputo Cidade","kamubukwana","ETAR","Vala_esgoto_VE","Aguas_residuais","Grag_sample","26.9",40,57,NA,NA,"",NA,NA,NA,"Sim","Sim",NA,"Sim","Sim","","","","",NA,"INOCÃŠNCIO","","uuid:1a624349-e94c-48a8-8e72-9065718c00cb"
"08/05/2025","IDSWT00001",-16.1637422,33.5983255,120.0999984741,4.9,"Tete","tete","Quartel_Militar","Emissario_EM","Aguas_residuais","Moore_swab","22",40,50,NA,NA,"",NA,NA,NA,"Sim","Sim",NA,"Sim","Sim","","","","",NA,"B, I, B, C","","uuid:09957d0e-43d5-4fe0-95fb-80f2123b1ed4"
"08/05/2025","IDSWT00002",-16.1638002,33.5982275,120.6999969482,4.9,"Tete","tete","Quartel_Militar","Emissario_EM","Aguas_residuais","Grag_sample","22",40,50,NA,NA,"",NA,NA,NA,"Sim","Sim",NA,"Sim","Sim","","","","",NA,"Banquir","Colhemos sem nenhuma dificuldade.","uuid:a1bff79c-960e-4ae5-909c-b885a0ab21d9"
"08/05/2025","IDSWT00003",-16.157876,33.5922966,119.4000015259,4.733,"Tete","tete","Paraiso_Misterioso","Emissario_EM","Aguas_residuais","Moore_swab","22",40,50,NA,NA,"",NA,NA,NA,"Sim","Sim",NA,"Sim","Sim","","","","",NA,"Banquir e JoÃ£o Baptista","","uuid:b4a9d392-c834-4d82-b84f-df787ef9ae93"
"08/05/2025","IDSWT00004",-16.1578177,33.5922464,119.4000015259,4.816,"Tete","tete","Paraiso_Misterioso","Emissario_EM","Aguas_residuais","Grag_sample","20",40,50,NA,NA,"",NA,NA,NA,"Sim","Sim",NA,"Sim","Sim","","","","",NA,"Banquir","","uuid:b5300806-e1e5-4b37-9bad-e9f20c8f321a"
"08/05/2025","IDSWT00005",-16.15601,33.5903067,121.6999969482,4.94,"Tete","tete","Mercado_do_Peixe","Emissario_EM","Aguas_residuais","Moore_swab","22",40,50,NA,NA,"",NA,NA,NA,"Sim","Sim",NA,"Sim","Sim","","","","",NA,"Banquir e JoÃ£o","","uuid:c328652b-d981-428d-b5ca-3079860a569f"
"08/05/2025","IDSWT00006",-16.1560033,33.5903033,113.3,4.825,"Tete","tete","Mercado_do_Peixe","Emissario_EM","Aguas_residuais","Grag_sample","24",40,54,NA,NA,"",NA,NA,NA,"Sim","Sim",NA,"Sim","Sim","","","","",NA,"Banquir e JoÃ£o","","uuid:3301bd93-679b-429e-8d6e-69f1ff4f48a9"
"08/05/2025","IDSWT00007",-16.15452,33.5886118,119.8000030518,4.816,"Tete","tete","Registo","Emissario_EM","Aguas_residuais","Moore_swab","24",40,54,NA,NA,"",NA,NA,NA,"Sim","Sim",NA,"Sim","Sim","","","","",NA,"Banquir e JoÃ£o","","uuid:52b89d12-e6ae-4674-9943-318b277a1907"
"08/05/2025","IDSWT00008",-16.1545611,33.5885857,119.8000030518,4.983,"Tete","tete","Registo","Emissario_EM","Aguas_residuais","Grag_sample","24",40,54,NA,NA,"",NA,NA,NA,"Sim","Sim",NA,"Sim","Sim","","","","",NA,"Banquir e JoÃ£o Baptista","","uuid:a7633636-3e95-4a3e-89bb-5fd7027fc99c"
